[{"model": "admin.logentry", "pk": 1, "fields": {"action_time": "2022-03-31T18:20:42.716Z", "user": 1, "content_type": 11, "object_id": "2", "object_repr": "18015 Jyothiprakash_Patnaikuni Patnaikuni univ", "action_flag": 1, "change_message": "[{\"added\": {}}]"}}, {"model": "admin.logentry", "pk": 2, "fields": {"action_time": "2022-07-06T16:43:55.361Z", "user": 1, "content_type": 11, "object_id": "3", "object_repr": "180152 JyothiprakashPatnaikuni vskp", "action_flag": 1, "change_message": "[{\"added\": {}}]"}}, {"model": "admin.logentry", "pk": 3, "fields": {"action_time": "2022-07-06T16:46:43.696Z", "user": 1, "content_type": 11, "object_id": "3", "object_repr": "180152 JyothiprakashPatnaikuni vskp", "action_flag": 2, "change_message": "[{\"changed\": {\"fields\": [\"Password\"]}}]"}}, {"model": "admin.logentry", "pk": 4, "fields": {"action_time": "2022-07-06T16:46:51.160Z", "user": 1, "content_type": 11, "object_id": "2", "object_repr": "18015 Jyothiprakash_Patnaikuni Patnaikuni univ", "action_flag": 2, "change_message": "[{\"changed\": {\"fields\": [\"Password\"]}}]"}}, {"model": "admin.logentry", "pk": 5, "fields": {"action_time": "2022-07-06T16:50:21.863Z", "user": 1, "content_type": 9, "object_id": "1", "object_repr": "CSE", "action_flag": 1, "change_message": "[{\"added\": {}}]"}}, {"model": "admin.logentry", "pk": 6, "fields": {"action_time": "2022-07-06T16:50:39.988Z", "user": 1, "content_type": 9, "object_id": "2", "object_repr": "CSE", "action_flag": 1, "change_message": "[{\"added\": {}}]"}}, {"model": "admin.logentry", "pk": 7, "fields": {"action_time": "2022-07-06T16:51:20.834Z", "user": 1, "content_type": 9, "object_id": "3", "object_repr": "EECE", "action_flag": 1, "change_message": "[{\"added\": {}}]"}}, {"model": "admin.logentry", "pk": 8, "fields": {"action_time": "2022-07-06T16:51:33.773Z", "user": 1, "content_type": 9, "object_id": "4", "object_repr": "EECE", "action_flag": 1, "change_message": "[{\"added\": {}}]"}}, {"model": "admin.logentry", "pk": 9, "fields": {"action_time": "2022-07-06T16:55:17.490Z", "user": 1, "content_type": 9, "object_id": "5", "object_repr": "CSE", "action_flag": 1, "change_message": "[{\"added\": {}}]"}}, {"model": "admin.logentry", "pk": 10, "fields": {"action_time": "2022-07-06T16:55:33.608Z", "user": 1, "content_type": 9, "object_id": "6", "object_repr": "CSE", "action_flag": 1, "change_message": "[{\"added\": {}}]"}}, {"model": "admin.logentry", "pk": 11, "fields": {"action_time": "2022-07-06T16:56:00.007Z", "user": 1, "content_type": 9, "object_id": "7", "object_repr": "EDT", "action_flag": 1, "change_message": "[{\"added\": {}}]"}}, {"model": "admin.logentry", "pk": 12, "fields": {"action_time": "2022-07-06T16:57:09.890Z", "user": 1, "content_type": 9, "object_id": "8", "object_repr": "CSE", "action_flag": 1, "change_message": "[{\"added\": {}}]"}}, {"model": "admin.logentry", "pk": 13, "fields": {"action_time": "2022-07-06T16:57:32.022Z", "user": 1, "content_type": 9, "object_id": "9", "object_repr": "CSE", "action_flag": 1, "change_message": "[{\"added\": {}}]"}}, {"model": "admin.logentry", "pk": 14, "fields": {"action_time": "2022-07-07T08:29:17.127Z", "user": 1, "content_type": 9, "object_id": "10", "object_repr": "DS", "action_flag": 1, "change_message": "[{\"added\": {}}]"}}, {"model": "admin.logentry", "pk": 15, "fields": {"action_time": "2022-07-08T09:26:19.102Z", "user": 1, "content_type": 9, "object_id": "10", "object_repr": "DS", "action_flag": 3, "change_message": ""}}, {"model": "admin.logentry", "pk": 16, "fields": {"action_time": "2022-07-08T09:26:19.438Z", "user": 1, "content_type": 9, "object_id": "9", "object_repr": "CSE", "action_flag": 3, "change_message": ""}}, {"model": "admin.logentry", "pk": 17, "fields": {"action_time": "2022-07-08T09:26:19.612Z", "user": 1, "content_type": 9, "object_id": "8", "object_repr": "CSE", "action_flag": 3, "change_message": ""}}, {"model": "admin.logentry", "pk": 18, "fields": {"action_time": "2022-07-08T09:26:19.795Z", "user": 1, "content_type": 9, "object_id": "7", "object_repr": "EDT", "action_flag": 3, "change_message": ""}}, {"model": "admin.logentry", "pk": 19, "fields": {"action_time": "2022-07-08T09:26:19.992Z", "user": 1, "content_type": 9, "object_id": "6", "object_repr": "CSE", "action_flag": 3, "change_message": ""}}, {"model": "admin.logentry", "pk": 20, "fields": {"action_time": "2022-07-08T09:26:20.300Z", "user": 1, "content_type": 9, "object_id": "5", "object_repr": "CSE", "action_flag": 3, "change_message": ""}}, {"model": "admin.logentry", "pk": 21, "fields": {"action_time": "2022-07-08T09:26:20.419Z", "user": 1, "content_type": 9, "object_id": "4", "object_repr": "EECE", "action_flag": 3, "change_message": ""}}, {"model": "admin.logentry", "pk": 22, "fields": {"action_time": "2022-07-08T09:26:20.522Z", "user": 1, "content_type": 9, "object_id": "3", "object_repr": "EECE", "action_flag": 3, "change_message": ""}}, {"model": "admin.logentry", "pk": 23, "fields": {"action_time": "2022-07-08T09:26:20.670Z", "user": 1, "content_type": 9, "object_id": "2", "object_repr": "CSE", "action_flag": 3, "change_message": ""}}, {"model": "admin.logentry", "pk": 24, "fields": {"action_time": "2022-07-08T09:26:20.818Z", "user": 1, "content_type": 9, "object_id": "1", "object_repr": "CSE", "action_flag": 3, "change_message": ""}}, {"model": "admin.logentry", "pk": 25, "fields": {"action_time": "2022-07-08T09:38:20.533Z", "user": 1, "content_type": 9, "object_id": "1", "object_repr": "cse", "action_flag": 1, "change_message": "[{\"added\": {}}]"}}, {"model": "admin.logentry", "pk": 26, "fields": {"action_time": "2022-07-08T09:38:20.656Z", "user": 1, "content_type": 9, "object_id": "2", "object_repr": "cse", "action_flag": 1, "change_message": "[{\"added\": {}}]"}}, {"model": "admin.logentry", "pk": 27, "fields": {"action_time": "2022-07-08T09:54:56.976Z", "user": 1, "content_type": 9, "object_id": "2", "object_repr": "cse", "action_flag": 3, "change_message": ""}}, {"model": "admin.logentry", "pk": 28, "fields": {"action_time": "2022-07-08T09:54:57.107Z", "user": 1, "content_type": 9, "object_id": "1", "object_repr": "cse", "action_flag": 3, "change_message": ""}}, {"model": "admin.logentry", "pk": 29, "fields": {"action_time": "2022-07-08T09:56:59.420Z", "user": 1, "content_type": 9, "object_id": "3", "object_repr": "CSE", "action_flag": 1, "change_message": "[{\"added\": {}}]"}}, {"model": "admin.logentry", "pk": 30, "fields": {"action_time": "2022-07-08T09:57:05.890Z", "user": 1, "content_type": 9, "object_id": "4", "object_repr": "cse", "action_flag": 1, "change_message": "[{\"added\": {}}]"}}, {"model": "admin.logentry", "pk": 31, "fields": {"action_time": "2022-07-08T09:57:10.207Z", "user": 1, "content_type": 9, "object_id": "5", "object_repr": "cse", "action_flag": 1, "change_message": "[{\"added\": {}}]"}}, {"model": "admin.logentry", "pk": 32, "fields": {"action_time": "2022-07-08T09:57:18.024Z", "user": 1, "content_type": 9, "object_id": "5", "object_repr": "cse", "action_flag": 3, "change_message": ""}}, {"model": "admin.logentry", "pk": 33, "fields": {"action_time": "2022-07-08T09:57:18.267Z", "user": 1, "content_type": 9, "object_id": "4", "object_repr": "cse", "action_flag": 3, "change_message": ""}}, {"model": "admin.logentry", "pk": 34, "fields": {"action_time": "2022-07-08T09:57:18.435Z", "user": 1, "content_type": 9, "object_id": "3", "object_repr": "CSE", "action_flag": 3, "change_message": ""}}, {"model": "admin.logentry", "pk": 35, "fields": {"action_time": "2022-07-08T10:13:29.946Z", "user": 1, "content_type": 9, "object_id": "1", "object_repr": "cse", "action_flag": 1, "change_message": "[{\"added\": {}}]"}}, {"model": "admin.logentry", "pk": 36, "fields": {"action_time": "2022-07-08T10:16:21.564Z", "user": 1, "content_type": 9, "object_id": "2", "object_repr": "eece", "action_flag": 1, "change_message": "[{\"added\": {}}]"}}, {"model": "admin.logentry", "pk": 37, "fields": {"action_time": "2022-07-08T10:16:54.702Z", "user": 1, "content_type": 9, "object_id": "3", "object_repr": "areo", "action_flag": 1, "change_message": "[{\"added\": {}}]"}}, {"model": "admin.logentry", "pk": 38, "fields": {"action_time": "2022-07-08T10:17:32.858Z", "user": 1, "content_type": 9, "object_id": "4", "object_repr": "mech", "action_flag": 1, "change_message": "[{\"added\": {}}]"}}, {"model": "admin.logentry", "pk": 39, "fields": {"action_time": "2022-07-08T10:17:55.967Z", "user": 1, "content_type": 9, "object_id": "5", "object_repr": "civil", "action_flag": 1, "change_message": "[{\"added\": {}}]"}}, {"model": "admin.logentry", "pk": 40, "fields": {"action_time": "2022-07-08T10:18:10.425Z", "user": 1, "content_type": 9, "object_id": "6", "object_repr": "biotech", "action_flag": 1, "change_message": "[{\"added\": {}}]"}}, {"model": "admin.logentry", "pk": 41, "fields": {"action_time": "2022-07-08T10:24:58.709Z", "user": 1, "content_type": 16, "object_id": "1", "object_repr": "vskp git", "action_flag": 1, "change_message": "[{\"added\": {}}]"}}, {"model": "admin.logentry", "pk": 42, "fields": {"action_time": "2022-07-08T10:25:06.847Z", "user": 1, "content_type": 16, "object_id": "1", "object_repr": "vskp git", "action_flag": 2, "change_message": "[]"}}, {"model": "admin.logentry", "pk": 43, "fields": {"action_time": "2022-07-08T10:34:58.999Z", "user": 1, "content_type": 16, "object_id": "1", "object_repr": "core", "action_flag": 2, "change_message": "[{\"changed\": {\"fields\": [\"Name\"]}}]"}}, {"model": "admin.logentry", "pk": 44, "fields": {"action_time": "2022-07-08T10:35:58.403Z", "user": 1, "content_type": 16, "object_id": "2", "object_repr": "aiml", "action_flag": 1, "change_message": "[{\"added\": {}}]"}}, {"model": "admin.logentry", "pk": 45, "fields": {"action_time": "2022-07-08T10:36:20.475Z", "user": 1, "content_type": 16, "object_id": "3", "object_repr": "cyber", "action_flag": 1, "change_message": "[{\"added\": {}}]"}}, {"model": "admin.logentry", "pk": 46, "fields": {"action_time": "2022-07-08T10:36:44.442Z", "user": 1, "content_type": 16, "object_id": "4", "object_repr": "ds", "action_flag": 1, "change_message": "[{\"added\": {}}]"}}, {"model": "admin.logentry", "pk": 47, "fields": {"action_time": "2022-07-08T10:37:20.100Z", "user": 1, "content_type": 16, "object_id": "5", "object_repr": "iot", "action_flag": 1, "change_message": "[{\"added\": {}}]"}}, {"model": "admin.logentry", "pk": 48, "fields": {"action_time": "2022-07-08T10:39:36.303Z", "user": 1, "content_type": 16, "object_id": "6", "object_repr": "casad", "action_flag": 1, "change_message": "[{\"added\": {}}]"}}, {"model": "admin.logentry", "pk": 49, "fields": {"action_time": "2022-07-09T08:33:56.599Z", "user": 1, "content_type": 17, "object_id": "1", "object_repr": "UG\tgit\tvskp\t2023", "action_flag": 1, "change_message": "[{\"added\": {}}]"}}, {"model": "admin.logentry", "pk": 50, "fields": {"action_time": "2022-07-11T07:24:23.948Z", "user": 1, "content_type": 16, "object_id": "6", "object_repr": "casad ( git cse PG )", "action_flag": 3, "change_message": ""}}, {"model": "admin.logentry", "pk": 51, "fields": {"action_time": "2022-07-11T07:24:24.208Z", "user": 1, "content_type": 16, "object_id": "5", "object_repr": "iot ( git cse UG )", "action_flag": 3, "change_message": ""}}, {"model": "admin.logentry", "pk": 52, "fields": {"action_time": "2022-07-11T07:24:24.482Z", "user": 1, "content_type": 16, "object_id": "4", "object_repr": "ds ( git cse UG )", "action_flag": 3, "change_message": ""}}, {"model": "admin.logentry", "pk": 53, "fields": {"action_time": "2022-07-11T07:24:24.644Z", "user": 1, "content_type": 16, "object_id": "3", "object_repr": "cyber ( git cse PG )", "action_flag": 3, "change_message": ""}}, {"model": "admin.logentry", "pk": 54, "fields": {"action_time": "2022-07-11T07:24:24.729Z", "user": 1, "content_type": 16, "object_id": "2", "object_repr": "aiml ( git cse UG )", "action_flag": 3, "change_message": ""}}, {"model": "admin.logentry", "pk": 55, "fields": {"action_time": "2022-07-11T07:24:24.814Z", "user": 1, "content_type": 16, "object_id": "1", "object_repr": "core ( git cse UG )", "action_flag": 3, "change_message": ""}}, {"model": "admin.logentry", "pk": 56, "fields": {"action_time": "2022-07-11T07:24:59.574Z", "user": 1, "content_type": 16, "object_id": "7", "object_repr": "cse ( git cse PG )", "action_flag": 1, "change_message": "[{\"added\": {}}]"}}, {"model": "admin.logentry", "pk": 57, "fields": {"action_time": "2022-07-11T07:25:11.770Z", "user": 1, "content_type": 16, "object_id": "8", "object_repr": "ds ( git cse PG )", "action_flag": 1, "change_message": "[{\"added\": {}}]"}}, {"model": "admin.logentry", "pk": 58, "fields": {"action_time": "2022-07-11T07:25:23.449Z", "user": 1, "content_type": 16, "object_id": "9", "object_repr": "cfis ( git cse PG )", "action_flag": 1, "change_message": "[{\"added\": {}}]"}}, {"model": "admin.logentry", "pk": 59, "fields": {"action_time": "2022-07-11T07:25:42.048Z", "user": 1, "content_type": 16, "object_id": "10", "object_repr": "psa ( git eece PG )", "action_flag": 1, "change_message": "[{\"added\": {}}]"}}, {"model": "admin.logentry", "pk": 60, "fields": {"action_time": "2022-07-11T07:25:56.235Z", "user": 1, "content_type": 16, "object_id": "11", "object_repr": "vlsi ( git eece PG )", "action_flag": 1, "change_message": "[{\"added\": {}}]"}}, {"model": "admin.logentry", "pk": 61, "fields": {"action_time": "2022-07-11T07:26:20.939Z", "user": 1, "content_type": 16, "object_id": "12", "object_repr": "md ( git mech PG )", "action_flag": 1, "change_message": "[{\"added\": {}}]"}}, {"model": "admin.logentry", "pk": 62, "fields": {"action_time": "2022-07-11T07:26:33.483Z", "user": 1, "content_type": 16, "object_id": "13", "object_repr": "mta ( git mech PG )", "action_flag": 1, "change_message": "[{\"added\": {}}]"}}, {"model": "admin.logentry", "pk": 63, "fields": {"action_time": "2022-07-11T07:26:52.748Z", "user": 1, "content_type": 16, "object_id": "14", "object_repr": "struc ( git civil PG )", "action_flag": 1, "change_message": "[{\"added\": {}}]"}}, {"model": "admin.logentry", "pk": 64, "fields": {"action_time": "2022-07-11T07:27:09.590Z", "user": 1, "content_type": 16, "object_id": "15", "object_repr": "fpt ( git biotech PG )", "action_flag": 1, "change_message": "[{\"added\": {}}]"}}, {"model": "admin.logentry", "pk": 65, "fields": {"action_time": "2022-07-11T07:27:40.950Z", "user": 1, "content_type": 16, "object_id": "16", "object_repr": "cse ( git cse UG )", "action_flag": 1, "change_message": "[{\"added\": {}}]"}}, {"model": "admin.logentry", "pk": 66, "fields": {"action_time": "2022-07-11T07:27:58.562Z", "user": 1, "content_type": 16, "object_id": "17", "object_repr": "csbs ( git cse UG )", "action_flag": 1, "change_message": "[{\"added\": {}}]"}}, {"model": "admin.logentry", "pk": 67, "fields": {"action_time": "2022-07-11T16:50:40.801Z", "user": 1, "content_type": 9, "object_id": "6", "object_repr": "biotech", "action_flag": 3, "change_message": ""}}, {"model": "admin.logentry", "pk": 68, "fields": {"action_time": "2022-07-11T16:50:41.006Z", "user": 1, "content_type": 9, "object_id": "5", "object_repr": "civil", "action_flag": 3, "change_message": ""}}, {"model": "admin.logentry", "pk": 69, "fields": {"action_time": "2022-07-11T16:50:41.090Z", "user": 1, "content_type": 9, "object_id": "4", "object_repr": "mech", "action_flag": 3, "change_message": ""}}, {"model": "admin.logentry", "pk": 70, "fields": {"action_time": "2022-07-11T16:50:41.176Z", "user": 1, "content_type": 9, "object_id": "3", "object_repr": "areo", "action_flag": 3, "change_message": ""}}, {"model": "admin.logentry", "pk": 71, "fields": {"action_time": "2022-07-11T16:50:41.257Z", "user": 1, "content_type": 9, "object_id": "2", "object_repr": "eece", "action_flag": 3, "change_message": ""}}, {"model": "admin.logentry", "pk": 72, "fields": {"action_time": "2022-07-11T16:50:41.347Z", "user": 1, "content_type": 9, "object_id": "1", "object_repr": "cse", "action_flag": 3, "change_message": ""}}, {"model": "admin.logentry", "pk": 73, "fields": {"action_time": "2022-07-11T17:46:45.496Z", "user": 1, "content_type": 8, "object_id": "15", "object_repr": "gssb", "action_flag": 2, "change_message": "[{\"changed\": {\"fields\": [\"Name\"]}}]"}}, {"model": "admin.logentry", "pk": 74, "fields": {"action_time": "2022-07-11T18:12:05.234Z", "user": 1, "content_type": 16, "object_id": "116", "object_repr": "phy ( sosh phy PG )", "action_flag": 3, "change_message": ""}}, {"model": "admin.logentry", "pk": 75, "fields": {"action_time": "2022-07-11T18:12:05.478Z", "user": 1, "content_type": 16, "object_id": "115", "object_repr": "chem ( sosh chem PG )", "action_flag": 3, "change_message": ""}}, {"model": "admin.logentry", "pk": 76, "fields": {"action_time": "2022-07-11T18:12:05.651Z", "user": 1, "content_type": 16, "object_id": "114", "object_repr": "maths ( sosh maths PG )", "action_flag": 3, "change_message": ""}}, {"model": "admin.logentry", "pk": 77, "fields": {"action_time": "2022-07-11T18:12:05.848Z", "user": 1, "content_type": 16, "object_id": "113", "object_repr": "bca ( sosh cs UG )", "action_flag": 3, "change_message": ""}}, {"model": "admin.logentry", "pk": 78, "fields": {"action_time": "2022-07-11T18:12:05.998Z", "user": 1, "content_type": 16, "object_id": "112", "object_repr": "phy ( sosh phy UG )", "action_flag": 3, "change_message": ""}}, {"model": "admin.logentry", "pk": 79, "fields": {"action_time": "2022-07-11T18:12:06.083Z", "user": 1, "content_type": 16, "object_id": "111", "object_repr": "chem ( sosh chem UG )", "action_flag": 3, "change_message": ""}}, {"model": "admin.logentry", "pk": 80, "fields": {"action_time": "2022-07-11T18:12:06.163Z", "user": 1, "content_type": 16, "object_id": "110", "object_repr": "maths ( sosh maths UG )", "action_flag": 3, "change_message": ""}}, {"model": "admin.logentry", "pk": 81, "fields": {"action_time": "2022-07-11T18:12:06.253Z", "user": 1, "content_type": 16, "object_id": "109", "object_repr": "cs ( sosh cs UG )", "action_flag": 3, "change_message": ""}}, {"model": "admin.logentry", "pk": 82, "fields": {"action_time": "2022-07-11T18:12:06.339Z", "user": 1, "content_type": 16, "object_id": "108", "object_repr": "mba ( gssb mba PG )", "action_flag": 3, "change_message": ""}}, {"model": "admin.logentry", "pk": 83, "fields": {"action_time": "2022-07-11T18:12:06.425Z", "user": 1, "content_type": 16, "object_id": "107", "object_repr": "acca ( gssb bcom UG )", "action_flag": 3, "change_message": ""}}, {"model": "admin.logentry", "pk": 84, "fields": {"action_time": "2022-07-11T18:12:06.510Z", "user": 1, "content_type": 16, "object_id": "106", "object_repr": "ba ( gssb bba UG )", "action_flag": 3, "change_message": ""}}, {"model": "admin.logentry", "pk": 85, "fields": {"action_time": "2022-07-11T18:12:06.594Z", "user": 1, "content_type": 16, "object_id": "105", "object_repr": "fm ( gssb bba UG )", "action_flag": 3, "change_message": ""}}, {"model": "admin.logentry", "pk": 86, "fields": {"action_time": "2022-07-11T18:12:06.679Z", "user": 1, "content_type": 16, "object_id": "104", "object_repr": "gen ( gssb bba UG )", "action_flag": 3, "change_message": ""}}, {"model": "admin.logentry", "pk": 87, "fields": {"action_time": "2022-07-11T18:12:06.764Z", "user": 1, "content_type": 16, "object_id": "103", "object_repr": "vlsi ( sotb eece PG )", "action_flag": 3, "change_message": ""}}, {"model": "admin.logentry", "pk": 88, "fields": {"action_time": "2022-07-11T18:12:06.862Z", "user": 1, "content_type": 16, "object_id": "102", "object_repr": "ds ( sotb cse PG )", "action_flag": 3, "change_message": ""}}, {"model": "admin.logentry", "pk": 89, "fields": {"action_time": "2022-07-11T18:12:06.948Z", "user": 1, "content_type": 16, "object_id": "101", "object_repr": "civil ( sotb civil UG )", "action_flag": 3, "change_message": ""}}, {"model": "admin.logentry", "pk": 90, "fields": {"action_time": "2022-07-11T18:12:07.031Z", "user": 1, "content_type": 16, "object_id": "100", "object_repr": "mech ( sotb mech UG )", "action_flag": 3, "change_message": ""}}, {"model": "admin.logentry", "pk": 91, "fields": {"action_time": "2022-07-11T18:12:07.115Z", "user": 1, "content_type": 16, "object_id": "99", "object_repr": "eee ( sotb eece UG )", "action_flag": 3, "change_message": ""}}, {"model": "admin.logentry", "pk": 92, "fields": {"action_time": "2022-07-11T18:12:07.201Z", "user": 1, "content_type": 16, "object_id": "98", "object_repr": "ece ( sotb eece UG )", "action_flag": 3, "change_message": ""}}, {"model": "admin.logentry", "pk": 93, "fields": {"action_time": "2022-07-11T18:12:07.298Z", "user": 1, "content_type": 16, "object_id": "97", "object_repr": "csbs ( sotb cse UG )", "action_flag": 3, "change_message": ""}}, {"model": "admin.logentry", "pk": 94, "fields": {"action_time": "2022-07-11T18:12:07.381Z", "user": 1, "content_type": 16, "object_id": "96", "object_repr": "cse ( sotb cse UG )", "action_flag": 3, "change_message": ""}}, {"model": "admin.logentry", "pk": 95, "fields": {"action_time": "2022-07-11T18:12:07.468Z", "user": 1, "content_type": 16, "object_id": "95", "object_repr": "chem ( sosh chem PG )", "action_flag": 3, "change_message": ""}}, {"model": "admin.logentry", "pk": 96, "fields": {"action_time": "2022-07-11T18:12:07.631Z", "user": 1, "content_type": 16, "object_id": "94", "object_repr": "ds ( sosh cs PG )", "action_flag": 3, "change_message": ""}}, {"model": "admin.logentry", "pk": 97, "fields": {"action_time": "2022-07-11T18:12:07.707Z", "user": 1, "content_type": 16, "object_id": "93", "object_repr": "phy ( sosh phy UG )", "action_flag": 3, "change_message": ""}}, {"model": "admin.logentry", "pk": 98, "fields": {"action_time": "2022-07-11T18:12:07.813Z", "user": 1, "content_type": 16, "object_id": "92", "object_repr": "chem ( sosh chem UG )", "action_flag": 3, "change_message": ""}}, {"model": "admin.logentry", "pk": 99, "fields": {"action_time": "2022-07-11T18:12:07.906Z", "user": 1, "content_type": 16, "object_id": "91", "object_repr": "maths ( sosh maths UG )", "action_flag": 3, "change_message": ""}}, {"model": "admin.logentry", "pk": 100, "fields": {"action_time": "2022-07-11T18:12:07.984Z", "user": 1, "content_type": 16, "object_id": "90", "object_repr": "cs ( sosh cs UG )", "action_flag": 3, "change_message": ""}}, {"model": "admin.logentry", "pk": 101, "fields": {"action_time": "2022-07-11T18:12:08.077Z", "user": 1, "content_type": 16, "object_id": "89", "object_repr": "fst ( sosh fst UG )", "action_flag": 3, "change_message": ""}}, {"model": "admin.logentry", "pk": 102, "fields": {"action_time": "2022-07-11T18:12:08.161Z", "user": 1, "content_type": 16, "object_id": "88", "object_repr": "bpharm ( soph bpharm UG )", "action_flag": 3, "change_message": ""}}, {"model": "admin.logentry", "pk": 103, "fields": {"action_time": "2022-07-11T18:12:08.247Z", "user": 1, "content_type": 16, "object_id": "87", "object_repr": "mba ( hbs mba PG )", "action_flag": 3, "change_message": ""}}, {"model": "admin.logentry", "pk": 104, "fields": {"action_time": "2022-07-11T18:12:08.331Z", "user": 1, "content_type": 16, "object_id": "86", "object_repr": "acca ( hbs bcom UG )", "action_flag": 3, "change_message": ""}}, {"model": "admin.logentry", "pk": 105, "fields": {"action_time": "2022-07-11T18:12:08.418Z", "user": 1, "content_type": 16, "object_id": "85", "object_repr": "cima ( hbs bba UG )", "action_flag": 3, "change_message": ""}}, {"model": "admin.logentry", "pk": 106, "fields": {"action_time": "2022-07-11T18:12:08.547Z", "user": 1, "content_type": 16, "object_id": "84", "object_repr": "ba ( hbs bba UG )", "action_flag": 3, "change_message": ""}}, {"model": "admin.logentry", "pk": 107, "fields": {"action_time": "2022-07-11T18:12:08.630Z", "user": 1, "content_type": 16, "object_id": "83", "object_repr": "fm ( hbs bba UG )", "action_flag": 3, "change_message": ""}}, {"model": "admin.logentry", "pk": 108, "fields": {"action_time": "2022-07-11T18:12:08.715Z", "user": 1, "content_type": 16, "object_id": "82", "object_repr": "gen ( hbs bba UG )", "action_flag": 3, "change_message": ""}}, {"model": "admin.logentry", "pk": 109, "fields": {"action_time": "2022-07-11T18:12:08.799Z", "user": 1, "content_type": 16, "object_id": "81", "object_repr": "mdr ( soth mech PG )", "action_flag": 3, "change_message": ""}}, {"model": "admin.logentry", "pk": 110, "fields": {"action_time": "2022-07-11T18:12:08.884Z", "user": 1, "content_type": 16, "object_id": "80", "object_repr": "casad ( soth civil PG )", "action_flag": 3, "change_message": ""}}, {"model": "admin.logentry", "pk": 111, "fields": {"action_time": "2022-07-11T18:12:08.970Z", "user": 1, "content_type": 16, "object_id": "79", "object_repr": "edt ( soth eece PG )", "action_flag": 3, "change_message": ""}}, {"model": "admin.logentry", "pk": 112, "fields": {"action_time": "2022-07-11T18:12:09.055Z", "user": 1, "content_type": 16, "object_id": "78", "object_repr": "ds ( soth cse PG )", "action_flag": 3, "change_message": ""}}, {"model": "admin.logentry", "pk": 113, "fields": {"action_time": "2022-07-11T18:12:09.138Z", "user": 1, "content_type": 16, "object_id": "77", "object_repr": "cse ( soth cse PG )", "action_flag": 3, "change_message": ""}}, {"model": "admin.logentry", "pk": 114, "fields": {"action_time": "2022-07-11T18:12:09.225Z", "user": 1, "content_type": 16, "object_id": "76", "object_repr": "aero ( soth aero UG )", "action_flag": 3, "change_message": ""}}, {"model": "admin.logentry", "pk": 115, "fields": {"action_time": "2022-07-11T18:12:09.309Z", "user": 1, "content_type": 16, "object_id": "75", "object_repr": "civil ( soth civil UG )", "action_flag": 3, "change_message": ""}}, {"model": "admin.logentry", "pk": 116, "fields": {"action_time": "2022-07-11T18:12:09.394Z", "user": 1, "content_type": 16, "object_id": "74", "object_repr": "mech ( soth mech UG )", "action_flag": 3, "change_message": ""}}, {"model": "admin.logentry", "pk": 117, "fields": {"action_time": "2022-07-11T18:12:09.479Z", "user": 1, "content_type": 16, "object_id": "73", "object_repr": "eee ( soth eece UG )", "action_flag": 3, "change_message": ""}}, {"model": "admin.logentry", "pk": 118, "fields": {"action_time": "2022-07-11T18:12:09.564Z", "user": 1, "content_type": 16, "object_id": "72", "object_repr": "ece ( soth eece UG )", "action_flag": 3, "change_message": ""}}, {"model": "admin.logentry", "pk": 119, "fields": {"action_time": "2022-07-11T18:12:09.649Z", "user": 1, "content_type": 16, "object_id": "71", "object_repr": "csbs ( soth cse UG )", "action_flag": 3, "change_message": ""}}, {"model": "admin.logentry", "pk": 120, "fields": {"action_time": "2022-07-11T18:12:09.735Z", "user": 1, "content_type": 16, "object_id": "70", "object_repr": "cse ( soth cse UG )", "action_flag": 3, "change_message": ""}}, {"model": "admin.logentry", "pk": 121, "fields": {"action_time": "2022-07-11T18:12:09.813Z", "user": 1, "content_type": 16, "object_id": "69", "object_repr": "eco ( gsgs eco PG )", "action_flag": 3, "change_message": ""}}, {"model": "admin.logentry", "pk": 122, "fields": {"action_time": "2022-07-11T18:12:09.901Z", "user": 1, "content_type": 16, "object_id": "68", "object_repr": "hss ( gsgs hss PG )", "action_flag": 3, "change_message": ""}}, {"model": "admin.logentry", "pk": 123, "fields": {"action_time": "2022-07-11T18:12:09.989Z", "user": 1, "content_type": 16, "object_id": "67", "object_repr": "ap ( gsgs ap PG )", "action_flag": 3, "change_message": ""}}, {"model": "admin.logentry", "pk": 124, "fields": {"action_time": "2022-07-11T18:12:10.074Z", "user": 1, "content_type": 16, "object_id": "66", "object_repr": "eco ( gsgs eco UG )", "action_flag": 3, "change_message": ""}}, {"model": "admin.logentry", "pk": 125, "fields": {"action_time": "2022-07-11T18:12:10.160Z", "user": 1, "content_type": 16, "object_id": "65", "object_repr": "hss ( gsgs hss UG )", "action_flag": 3, "change_message": ""}}, {"model": "admin.logentry", "pk": 126, "fields": {"action_time": "2022-07-11T18:12:10.247Z", "user": 1, "content_type": 16, "object_id": "64", "object_repr": "ap ( gsgs ap UG )", "action_flag": 3, "change_message": ""}}, {"model": "admin.logentry", "pk": 127, "fields": {"action_time": "2022-07-11T18:12:10.329Z", "user": 1, "content_type": 16, "object_id": "63", "object_repr": "intl ( gsol intl PG )", "action_flag": 3, "change_message": ""}}, {"model": "admin.logentry", "pk": 128, "fields": {"action_time": "2022-07-11T18:12:10.410Z", "user": 1, "content_type": 16, "object_id": "62", "object_repr": "ccl ( gsol ccl PG )", "action_flag": 3, "change_message": ""}}, {"model": "admin.logentry", "pk": 129, "fields": {"action_time": "2022-07-11T18:12:10.492Z", "user": 1, "content_type": 16, "object_id": "61", "object_repr": "iprcl ( gsol iprcl PG )", "action_flag": 3, "change_message": ""}}, {"model": "admin.logentry", "pk": 130, "fields": {"action_time": "2022-07-11T18:12:10.662Z", "user": 1, "content_type": 16, "object_id": "60", "object_repr": "ballb ( gsol ballb UG )", "action_flag": 3, "change_message": ""}}, {"model": "admin.logentry", "pk": 131, "fields": {"action_time": "2022-07-11T18:12:10.747Z", "user": 1, "content_type": 16, "object_id": "59", "object_repr": "bballb ( gsol bballb UG )", "action_flag": 3, "change_message": ""}}, {"model": "admin.logentry", "pk": 132, "fields": {"action_time": "2022-07-11T18:12:10.843Z", "user": 1, "content_type": 16, "object_id": "58", "object_repr": "npcc ( gin npcc PG )", "action_flag": 3, "change_message": ""}}, {"model": "admin.logentry", "pk": 133, "fields": {"action_time": "2022-07-11T18:12:10.927Z", "user": 1, "content_type": 16, "object_id": "57", "object_repr": "nursing ( gin nursing UG )", "action_flag": 3, "change_message": ""}}, {"model": "admin.logentry", "pk": 134, "fields": {"action_time": "2022-07-11T18:12:11.012Z", "user": 1, "content_type": 16, "object_id": "56", "object_repr": "pqa ( gip mpharm PG )", "action_flag": 3, "change_message": ""}}, {"model": "admin.logentry", "pk": 135, "fields": {"action_time": "2022-07-11T18:12:11.094Z", "user": 1, "content_type": 16, "object_id": "55", "object_repr": "pc ( gip mpharm PG )", "action_flag": 3, "change_message": ""}}, {"model": "admin.logentry", "pk": 136, "fields": {"action_time": "2022-07-11T18:12:11.176Z", "user": 1, "content_type": 16, "object_id": "54", "object_repr": "pharmaco ( gip mpharm PG )", "action_flag": 3, "change_message": ""}}, {"model": "admin.logentry", "pk": 137, "fields": {"action_time": "2022-07-11T18:12:11.266Z", "user": 1, "content_type": 16, "object_id": "53", "object_repr": "pa ( gip mpharm PG )", "action_flag": 3, "change_message": ""}}, {"model": "admin.logentry", "pk": 138, "fields": {"action_time": "2022-07-11T18:12:11.347Z", "user": 1, "content_type": 16, "object_id": "52", "object_repr": "pharmceu ( gip mpharm PG )", "action_flag": 3, "change_message": ""}}, {"model": "admin.logentry", "pk": 139, "fields": {"action_time": "2022-07-11T18:12:11.433Z", "user": 1, "content_type": 16, "object_id": "51", "object_repr": "bpharm ( gip bpharm UG )", "action_flag": 3, "change_message": ""}}, {"model": "admin.logentry", "pk": 140, "fields": {"action_time": "2022-07-11T18:12:11.523Z", "user": 1, "content_type": 16, "object_id": "50", "object_repr": "march ( gsoa march PG )", "action_flag": 3, "change_message": ""}}, {"model": "admin.logentry", "pk": 141, "fields": {"action_time": "2022-07-11T18:12:11.700Z", "user": 1, "content_type": 16, "object_id": "49", "object_repr": "barch ( gsoa barch UG )", "action_flag": 3, "change_message": ""}}, {"model": "admin.logentry", "pk": 142, "fields": {"action_time": "2022-07-11T18:12:11.784Z", "user": 1, "content_type": 16, "object_id": "48", "object_repr": "mca ( gis cs PG )", "action_flag": 3, "change_message": ""}}, {"model": "admin.logentry", "pk": 143, "fields": {"action_time": "2022-07-11T18:12:11.867Z", "user": 1, "content_type": 16, "object_id": "47", "object_repr": "phy ( gis phy PG )", "action_flag": 3, "change_message": ""}}, {"model": "admin.logentry", "pk": 144, "fields": {"action_time": "2022-07-11T18:12:11.955Z", "user": 1, "content_type": 16, "object_id": "46", "object_repr": "chem ( gis chem PG )", "action_flag": 3, "change_message": ""}}, {"model": "admin.logentry", "pk": 145, "fields": {"action_time": "2022-07-11T18:12:12.040Z", "user": 1, "content_type": 16, "object_id": "45", "object_repr": "maths ( gis maths PG )", "action_flag": 3, "change_message": ""}}, {"model": "admin.logentry", "pk": 146, "fields": {"action_time": "2022-07-11T18:12:12.126Z", "user": 1, "content_type": 16, "object_id": "44", "object_repr": "envsci ( gis envsci PG )", "action_flag": 3, "change_message": ""}}, {"model": "admin.logentry", "pk": 147, "fields": {"action_time": "2022-07-11T18:12:12.203Z", "user": 1, "content_type": 16, "object_id": "43", "object_repr": "bt ( gis bt PG )", "action_flag": 3, "change_message": ""}}, {"model": "admin.logentry", "pk": 148, "fields": {"action_time": "2022-07-11T18:12:12.294Z", "user": 1, "content_type": 16, "object_id": "42", "object_repr": "ds ( gis cs PG )", "action_flag": 3, "change_message": ""}}, {"model": "admin.logentry", "pk": 149, "fields": {"action_time": "2022-07-11T18:12:12.375Z", "user": 1, "content_type": 16, "object_id": "41", "object_repr": "biochem ( gis biochem PG )", "action_flag": 3, "change_message": ""}}, {"model": "admin.logentry", "pk": 150, "fields": {"action_time": "2022-07-11T18:12:12.465Z", "user": 1, "content_type": 16, "object_id": "40", "object_repr": "mbfst ( gis mbfst PG )", "action_flag": 3, "change_message": ""}}, {"model": "admin.logentry", "pk": 151, "fields": {"action_time": "2022-07-11T18:12:12.560Z", "user": 1, "content_type": 16, "object_id": "39", "object_repr": "bca ( gis cs UG )", "action_flag": 3, "change_message": ""}}, {"model": "admin.logentry", "pk": 152, "fields": {"action_time": "2022-07-11T18:12:12.638Z", "user": 1, "content_type": 16, "object_id": "38", "object_repr": "phy ( gis phy UG )", "action_flag": 3, "change_message": ""}}, {"model": "admin.logentry", "pk": 153, "fields": {"action_time": "2022-07-11T18:12:12.730Z", "user": 1, "content_type": 16, "object_id": "37", "object_repr": "chem ( gis chem UG )", "action_flag": 3, "change_message": ""}}, {"model": "admin.logentry", "pk": 154, "fields": {"action_time": "2022-07-11T18:12:12.816Z", "user": 1, "content_type": 16, "object_id": "36", "object_repr": "maths ( gis maths UG )", "action_flag": 3, "change_message": ""}}, {"model": "admin.logentry", "pk": 155, "fields": {"action_time": "2022-07-11T18:12:12.899Z", "user": 1, "content_type": 16, "object_id": "35", "object_repr": "envsci ( gis envsci UG )", "action_flag": 3, "change_message": ""}}, {"model": "admin.logentry", "pk": 156, "fields": {"action_time": "2022-07-11T18:12:12.978Z", "user": 1, "content_type": 16, "object_id": "34", "object_repr": "bt ( gis bt UG )", "action_flag": 3, "change_message": ""}}, {"model": "admin.logentry", "pk": 157, "fields": {"action_time": "2022-07-11T18:12:13.063Z", "user": 1, "content_type": 16, "object_id": "33", "object_repr": "cs ( gis cs UG )", "action_flag": 3, "change_message": ""}}, {"model": "admin.logentry", "pk": 158, "fields": {"action_time": "2022-07-11T18:12:13.150Z", "user": 1, "content_type": 16, "object_id": "32", "object_repr": "biochem ( gis biochem UG )", "action_flag": 3, "change_message": ""}}, {"model": "admin.logentry", "pk": 159, "fields": {"action_time": "2022-07-11T18:12:13.241Z", "user": 1, "content_type": 16, "object_id": "31", "object_repr": "mbfst ( gis mbfst UG )", "action_flag": 3, "change_message": ""}}, {"model": "admin.logentry", "pk": 160, "fields": {"action_time": "2022-07-11T18:12:13.325Z", "user": 1, "content_type": 16, "object_id": "30", "object_repr": "imba ( gim mba PG )", "action_flag": 3, "change_message": ""}}, {"model": "admin.logentry", "pk": 161, "fields": {"action_time": "2022-07-11T18:12:13.411Z", "user": 1, "content_type": 16, "object_id": "29", "object_repr": "ba ( gim mba PG )", "action_flag": 3, "change_message": ""}}, {"model": "admin.logentry", "pk": 162, "fields": {"action_time": "2022-07-11T18:12:13.516Z", "user": 1, "content_type": 16, "object_id": "28", "object_repr": "lscm ( gim mba PG )", "action_flag": 3, "change_message": ""}}, {"model": "admin.logentry", "pk": 163, "fields": {"action_time": "2022-07-11T18:12:13.603Z", "user": 1, "content_type": 16, "object_id": "27", "object_repr": "ib ( gim mba PG )", "action_flag": 3, "change_message": ""}}, {"model": "admin.logentry", "pk": 164, "fields": {"action_time": "2022-07-11T18:12:13.683Z", "user": 1, "content_type": 16, "object_id": "26", "object_repr": "hhm ( gim mba PG )", "action_flag": 3, "change_message": ""}}, {"model": "admin.logentry", "pk": 165, "fields": {"action_time": "2022-07-11T18:12:13.839Z", "user": 1, "content_type": 16, "object_id": "25", "object_repr": "gen ( gim mba PG )", "action_flag": 3, "change_message": ""}}, {"model": "admin.logentry", "pk": 166, "fields": {"action_time": "2022-07-11T18:12:13.925Z", "user": 1, "content_type": 16, "object_id": "24", "object_repr": "aat ( gim bcom UG )", "action_flag": 3, "change_message": ""}}, {"model": "admin.logentry", "pk": 167, "fields": {"action_time": "2022-07-11T18:12:14.023Z", "user": 1, "content_type": 16, "object_id": "23", "object_repr": "acca ( gim bcom UG )", "action_flag": 3, "change_message": ""}}, {"model": "admin.logentry", "pk": 168, "fields": {"action_time": "2022-07-11T18:12:14.099Z", "user": 1, "content_type": 16, "object_id": "22", "object_repr": "fintech ( gim bba UG )", "action_flag": 3, "change_message": ""}}, {"model": "admin.logentry", "pk": 169, "fields": {"action_time": "2022-07-11T18:12:14.191Z", "user": 1, "content_type": 16, "object_id": "21", "object_repr": "log ( gim bba UG )", "action_flag": 3, "change_message": ""}}, {"model": "admin.logentry", "pk": 170, "fields": {"action_time": "2022-07-11T18:12:14.276Z", "user": 1, "content_type": 16, "object_id": "20", "object_repr": "cima ( gim bba UG )", "action_flag": 3, "change_message": ""}}, {"model": "admin.logentry", "pk": 171, "fields": {"action_time": "2022-07-11T18:12:14.359Z", "user": 1, "content_type": 16, "object_id": "19", "object_repr": "ba ( gim bba UG )", "action_flag": 3, "change_message": ""}}, {"model": "admin.logentry", "pk": 172, "fields": {"action_time": "2022-07-11T18:12:14.457Z", "user": 1, "content_type": 16, "object_id": "18", "object_repr": "fm ( gim bba UG )", "action_flag": 3, "change_message": ""}}, {"model": "admin.logentry", "pk": 173, "fields": {"action_time": "2022-07-11T18:12:14.542Z", "user": 1, "content_type": 16, "object_id": "17", "object_repr": "gen ( gim bba UG )", "action_flag": 3, "change_message": ""}}, {"model": "admin.logentry", "pk": 174, "fields": {"action_time": "2022-07-11T18:12:27.013Z", "user": 1, "content_type": 16, "object_id": "16", "object_repr": "bio ( git bio UG )", "action_flag": 3, "change_message": ""}}, {"model": "admin.logentry", "pk": 175, "fields": {"action_time": "2022-07-11T18:12:27.188Z", "user": 1, "content_type": 16, "object_id": "15", "object_repr": "civil ( git civil UG )", "action_flag": 3, "change_message": ""}}, {"model": "admin.logentry", "pk": 176, "fields": {"action_time": "2022-07-11T18:12:27.317Z", "user": 1, "content_type": 16, "object_id": "14", "object_repr": "mech ( git mech UG )", "action_flag": 3, "change_message": ""}}, {"model": "admin.logentry", "pk": 177, "fields": {"action_time": "2022-07-11T18:12:27.436Z", "user": 1, "content_type": 16, "object_id": "13", "object_repr": "eee ( git eece UG )", "action_flag": 3, "change_message": ""}}, {"model": "admin.logentry", "pk": 178, "fields": {"action_time": "2022-07-11T18:12:27.564Z", "user": 1, "content_type": 16, "object_id": "12", "object_repr": "ece ( git eece UG )", "action_flag": 3, "change_message": ""}}, {"model": "admin.logentry", "pk": 179, "fields": {"action_time": "2022-07-11T18:12:27.694Z", "user": 1, "content_type": 16, "object_id": "11", "object_repr": "csbs ( git cse UG )", "action_flag": 3, "change_message": ""}}, {"model": "admin.logentry", "pk": 180, "fields": {"action_time": "2022-07-11T18:12:27.812Z", "user": 1, "content_type": 16, "object_id": "10", "object_repr": "cse ( git cse UG )", "action_flag": 3, "change_message": ""}}, {"model": "admin.logentry", "pk": 181, "fields": {"action_time": "2022-07-11T18:12:27.976Z", "user": 1, "content_type": 16, "object_id": "9", "object_repr": "fpt ( git bio PG )", "action_flag": 3, "change_message": ""}}, {"model": "admin.logentry", "pk": 182, "fields": {"action_time": "2022-07-11T18:12:28.172Z", "user": 1, "content_type": 16, "object_id": "8", "object_repr": "struc ( git civil PG )", "action_flag": 3, "change_message": ""}}, {"model": "admin.logentry", "pk": 183, "fields": {"action_time": "2022-07-11T18:12:28.368Z", "user": 1, "content_type": 16, "object_id": "7", "object_repr": "mta ( git mech PG )", "action_flag": 3, "change_message": ""}}, {"model": "admin.logentry", "pk": 184, "fields": {"action_time": "2022-07-11T18:12:28.519Z", "user": 1, "content_type": 16, "object_id": "6", "object_repr": "md ( git mech PG )", "action_flag": 3, "change_message": ""}}, {"model": "admin.logentry", "pk": 185, "fields": {"action_time": "2022-07-11T18:12:28.649Z", "user": 1, "content_type": 16, "object_id": "5", "object_repr": "vlsi ( git eece PG )", "action_flag": 3, "change_message": ""}}, {"model": "admin.logentry", "pk": 186, "fields": {"action_time": "2022-07-11T18:12:28.822Z", "user": 1, "content_type": 16, "object_id": "4", "object_repr": "psa ( git eece PG )", "action_flag": 3, "change_message": ""}}, {"model": "admin.logentry", "pk": 187, "fields": {"action_time": "2022-07-11T18:12:28.963Z", "user": 1, "content_type": 16, "object_id": "3", "object_repr": "cfis ( git cse PG )", "action_flag": 3, "change_message": ""}}, {"model": "admin.logentry", "pk": 188, "fields": {"action_time": "2022-07-11T18:12:29.114Z", "user": 1, "content_type": 16, "object_id": "2", "object_repr": "ds ( git cse PG )", "action_flag": 3, "change_message": ""}}, {"model": "admin.logentry", "pk": 189, "fields": {"action_time": "2022-07-11T18:12:29.300Z", "user": 1, "content_type": 16, "object_id": "1", "object_repr": "cse ( git cse PG )", "action_flag": 3, "change_message": ""}}, {"model": "admin.logentry", "pk": 190, "fields": {"action_time": "2022-07-11T18:12:48.102Z", "user": 1, "content_type": 16, "object_id": "117", "object_repr": "cse ( git cse PG )", "action_flag": 1, "change_message": "[{\"added\": {}}]"}}, {"model": "admin.logentry", "pk": 191, "fields": {"action_time": "2022-07-11T18:15:55.927Z", "user": 1, "content_type": 16, "object_id": "118", "object_repr": "ds ( git cse PG )", "action_flag": 1, "change_message": "[{\"added\": {}}]"}}, {"model": "admin.logentry", "pk": 192, "fields": {"action_time": "2022-07-11T18:18:39.437Z", "user": 1, "content_type": 16, "object_id": "119", "object_repr": "cfis ( git cse PG )", "action_flag": 1, "change_message": "[{\"added\": {}}]"}}, {"model": "admin.logentry", "pk": 193, "fields": {"action_time": "2022-07-11T18:20:02.473Z", "user": 1, "content_type": 16, "object_id": "120", "object_repr": "cseml ( git cse PG )", "action_flag": 1, "change_message": "[{\"added\": {}}]"}}, {"model": "admin.logentry", "pk": 194, "fields": {"action_time": "2022-07-11T18:24:15.957Z", "user": 1, "content_type": 16, "object_id": "121", "object_repr": "cse ( git cse UG )", "action_flag": 1, "change_message": "[{\"added\": {}}]"}}, {"model": "admin.logentry", "pk": 195, "fields": {"action_time": "2022-07-11T18:24:32.270Z", "user": 1, "content_type": 16, "object_id": "121", "object_repr": "cse ( git cse UG )", "action_flag": 3, "change_message": ""}}, {"model": "admin.logentry", "pk": 196, "fields": {"action_time": "2022-07-11T18:24:32.441Z", "user": 1, "content_type": 16, "object_id": "120", "object_repr": "cseml ( git cse PG )", "action_flag": 3, "change_message": ""}}, {"model": "admin.logentry", "pk": 197, "fields": {"action_time": "2022-07-11T18:24:32.526Z", "user": 1, "content_type": 16, "object_id": "119", "object_repr": "cfis ( git cse PG )", "action_flag": 3, "change_message": ""}}, {"model": "admin.logentry", "pk": 198, "fields": {"action_time": "2022-07-11T18:24:32.611Z", "user": 1, "content_type": 16, "object_id": "118", "object_repr": "ds ( git cse PG )", "action_flag": 3, "change_message": ""}}, {"model": "admin.logentry", "pk": 199, "fields": {"action_time": "2022-07-11T18:24:32.725Z", "user": 1, "content_type": 16, "object_id": "117", "object_repr": "cse ( git cse PG )", "action_flag": 3, "change_message": ""}}, {"model": "admin.logentry", "pk": 200, "fields": {"action_time": "2022-07-11T18:25:48.315Z", "user": 1, "content_type": 16, "object_id": "122", "object_repr": "cse ( git cse PG )", "action_flag": 1, "change_message": "[{\"added\": {}}]"}}, {"model": "admin.logentry", "pk": 201, "fields": {"action_time": "2022-07-11T18:26:30.912Z", "user": 1, "content_type": 16, "object_id": "122", "object_repr": "cse ( git cse PG )", "action_flag": 3, "change_message": ""}}, {"model": "auth.permission", "pk": 1, "fields": {"name": "Can add log entry", "content_type": 1, "codename": "add_logentry"}}, {"model": "auth.permission", "pk": 2, "fields": {"name": "Can change log entry", "content_type": 1, "codename": "change_logentry"}}, {"model": "auth.permission", "pk": 3, "fields": {"name": "Can delete log entry", "content_type": 1, "codename": "delete_logentry"}}, {"model": "auth.permission", "pk": 4, "fields": {"name": "Can view log entry", "content_type": 1, "codename": "view_logentry"}}, {"model": "auth.permission", "pk": 5, "fields": {"name": "Can add permission", "content_type": 2, "codename": "add_permission"}}, {"model": "auth.permission", "pk": 6, "fields": {"name": "Can change permission", "content_type": 2, "codename": "change_permission"}}, {"model": "auth.permission", "pk": 7, "fields": {"name": "Can delete permission", "content_type": 2, "codename": "delete_permission"}}, {"model": "auth.permission", "pk": 8, "fields": {"name": "Can view permission", "content_type": 2, "codename": "view_permission"}}, {"model": "auth.permission", "pk": 9, "fields": {"name": "Can add group", "content_type": 3, "codename": "add_group"}}, {"model": "auth.permission", "pk": 10, "fields": {"name": "Can change group", "content_type": 3, "codename": "change_group"}}, {"model": "auth.permission", "pk": 11, "fields": {"name": "Can delete group", "content_type": 3, "codename": "delete_group"}}, {"model": "auth.permission", "pk": 12, "fields": {"name": "Can view group", "content_type": 3, "codename": "view_group"}}, {"model": "auth.permission", "pk": 13, "fields": {"name": "Can add content type", "content_type": 4, "codename": "add_contenttype"}}, {"model": "auth.permission", "pk": 14, "fields": {"name": "Can change content type", "content_type": 4, "codename": "change_contenttype"}}, {"model": "auth.permission", "pk": 15, "fields": {"name": "Can delete content type", "content_type": 4, "codename": "delete_contenttype"}}, {"model": "auth.permission", "pk": 16, "fields": {"name": "Can view content type", "content_type": 4, "codename": "view_contenttype"}}, {"model": "auth.permission", "pk": 17, "fields": {"name": "Can add session", "content_type": 5, "codename": "add_session"}}, {"model": "auth.permission", "pk": 18, "fields": {"name": "Can change session", "content_type": 5, "codename": "change_session"}}, {"model": "auth.permission", "pk": 19, "fields": {"name": "Can delete session", "content_type": 5, "codename": "delete_session"}}, {"model": "auth.permission", "pk": 20, "fields": {"name": "Can view session", "content_type": 5, "codename": "view_session"}}, {"model": "auth.permission", "pk": 21, "fields": {"name": "Can add stream", "content_type": 6, "codename": "add_stream"}}, {"model": "auth.permission", "pk": 22, "fields": {"name": "Can change stream", "content_type": 6, "codename": "change_stream"}}, {"model": "auth.permission", "pk": 23, "fields": {"name": "Can delete stream", "content_type": 6, "codename": "delete_stream"}}, {"model": "auth.permission", "pk": 24, "fields": {"name": "Can view stream", "content_type": 6, "codename": "view_stream"}}, {"model": "auth.permission", "pk": 25, "fields": {"name": "Can add campus", "content_type": 7, "codename": "add_campus"}}, {"model": "auth.permission", "pk": 26, "fields": {"name": "Can change campus", "content_type": 7, "codename": "change_campus"}}, {"model": "auth.permission", "pk": 27, "fields": {"name": "Can delete campus", "content_type": 7, "codename": "delete_campus"}}, {"model": "auth.permission", "pk": 28, "fields": {"name": "Can view campus", "content_type": 7, "codename": "view_campus"}}, {"model": "auth.permission", "pk": 29, "fields": {"name": "Can add institute", "content_type": 8, "codename": "add_institute"}}, {"model": "auth.permission", "pk": 30, "fields": {"name": "Can change institute", "content_type": 8, "codename": "change_institute"}}, {"model": "auth.permission", "pk": 31, "fields": {"name": "Can delete institute", "content_type": 8, "codename": "delete_institute"}}, {"model": "auth.permission", "pk": 32, "fields": {"name": "Can view institute", "content_type": 8, "codename": "view_institute"}}, {"model": "auth.permission", "pk": 33, "fields": {"name": "Can add courses", "content_type": 9, "codename": "add_courses"}}, {"model": "auth.permission", "pk": 34, "fields": {"name": "Can change courses", "content_type": 9, "codename": "change_courses"}}, {"model": "auth.permission", "pk": 35, "fields": {"name": "Can delete courses", "content_type": 9, "codename": "delete_courses"}}, {"model": "auth.permission", "pk": 36, "fields": {"name": "Can view courses", "content_type": 9, "codename": "view_courses"}}, {"model": "auth.permission", "pk": 37, "fields": {"name": "Can add graduates", "content_type": 10, "codename": "add_graduates"}}, {"model": "auth.permission", "pk": 38, "fields": {"name": "Can change graduates", "content_type": 10, "codename": "change_graduates"}}, {"model": "auth.permission", "pk": 39, "fields": {"name": "Can delete graduates", "content_type": 10, "codename": "delete_graduates"}}, {"model": "auth.permission", "pk": 40, "fields": {"name": "Can view graduates", "content_type": 10, "codename": "view_graduates"}}, {"model": "auth.permission", "pk": 41, "fields": {"name": "Can add user", "content_type": 11, "codename": "add_user"}}, {"model": "auth.permission", "pk": 42, "fields": {"name": "Can change user", "content_type": 11, "codename": "change_user"}}, {"model": "auth.permission", "pk": 43, "fields": {"name": "Can delete user", "content_type": 11, "codename": "delete_user"}}, {"model": "auth.permission", "pk": 44, "fields": {"name": "Can view user", "content_type": 11, "codename": "view_user"}}, {"model": "auth.permission", "pk": 45, "fields": {"name": "Can add editor institutes", "content_type": 12, "codename": "add_editorinstitutes"}}, {"model": "auth.permission", "pk": 46, "fields": {"name": "Can change editor institutes", "content_type": 12, "codename": "change_editorinstitutes"}}, {"model": "auth.permission", "pk": 47, "fields": {"name": "Can delete editor institutes", "content_type": 12, "codename": "delete_editorinstitutes"}}, {"model": "auth.permission", "pk": 48, "fields": {"name": "Can view editor institutes", "content_type": 12, "codename": "view_editorinstitutes"}}, {"model": "auth.permission", "pk": 49, "fields": {"name": "Can add Token", "content_type": 13, "codename": "add_token"}}, {"model": "auth.permission", "pk": 50, "fields": {"name": "Can change Token", "content_type": 13, "codename": "change_token"}}, {"model": "auth.permission", "pk": 51, "fields": {"name": "Can delete Token", "content_type": 13, "codename": "delete_token"}}, {"model": "auth.permission", "pk": 52, "fields": {"name": "Can view Token", "content_type": 13, "codename": "view_token"}}, {"model": "auth.permission", "pk": 53, "fields": {"name": "Can add token", "content_type": 14, "codename": "add_tokenproxy"}}, {"model": "auth.permission", "pk": 54, "fields": {"name": "Can change token", "content_type": 14, "codename": "change_tokenproxy"}}, {"model": "auth.permission", "pk": 55, "fields": {"name": "Can delete token", "content_type": 14, "codename": "delete_tokenproxy"}}, {"model": "auth.permission", "pk": 56, "fields": {"name": "Can view token", "content_type": 14, "codename": "view_tokenproxy"}}, {"model": "auth.permission", "pk": 57, "fields": {"name": "Can add Logging", "content_type": 15, "codename": "add_statuslog"}}, {"model": "auth.permission", "pk": 58, "fields": {"name": "Can change Logging", "content_type": 15, "codename": "change_statuslog"}}, {"model": "auth.permission", "pk": 59, "fields": {"name": "Can delete Logging", "content_type": 15, "codename": "delete_statuslog"}}, {"model": "auth.permission", "pk": 60, "fields": {"name": "Can view Logging", "content_type": 15, "codename": "view_statuslog"}}, {"model": "auth.permission", "pk": 61, "fields": {"name": "Can add programs", "content_type": 16, "codename": "add_programs"}}, {"model": "auth.permission", "pk": 62, "fields": {"name": "Can change programs", "content_type": 16, "codename": "change_programs"}}, {"model": "auth.permission", "pk": 63, "fields": {"name": "Can delete programs", "content_type": 16, "codename": "delete_programs"}}, {"model": "auth.permission", "pk": 64, "fields": {"name": "Can view programs", "content_type": 16, "codename": "view_programs"}}, {"model": "auth.permission", "pk": 65, "fields": {"name": "Can add graduates with programs", "content_type": 17, "codename": "add_graduateswithprograms"}}, {"model": "auth.permission", "pk": 66, "fields": {"name": "Can change graduates with programs", "content_type": 17, "codename": "change_graduateswithprograms"}}, {"model": "auth.permission", "pk": 67, "fields": {"name": "Can delete graduates with programs", "content_type": 17, "codename": "delete_graduateswithprograms"}}, {"model": "auth.permission", "pk": 68, "fields": {"name": "Can view graduates with programs", "content_type": 17, "codename": "view_graduateswithprograms"}}, {"model": "contenttypes.contenttype", "pk": 1, "fields": {"app_label": "admin", "model": "logentry"}}, {"model": "contenttypes.contenttype", "pk": 2, "fields": {"app_label": "auth", "model": "permission"}}, {"model": "contenttypes.contenttype", "pk": 3, "fields": {"app_label": "auth", "model": "group"}}, {"model": "contenttypes.contenttype", "pk": 4, "fields": {"app_label": "contenttypes", "model": "contenttype"}}, {"model": "contenttypes.contenttype", "pk": 5, "fields": {"app_label": "sessions", "model": "session"}}, {"model": "contenttypes.contenttype", "pk": 6, "fields": {"app_label": "organization", "model": "stream"}}, {"model": "contenttypes.contenttype", "pk": 7, "fields": {"app_label": "organization", "model": "campus"}}, {"model": "contenttypes.contenttype", "pk": 8, "fields": {"app_label": "organization", "model": "institute"}}, {"model": "contenttypes.contenttype", "pk": 9, "fields": {"app_label": "organization", "model": "courses"}}, {"model": "contenttypes.contenttype", "pk": 10, "fields": {"app_label": "students", "model": "graduates"}}, {"model": "contenttypes.contenttype", "pk": 11, "fields": {"app_label": "account", "model": "user"}}, {"model": "contenttypes.contenttype", "pk": 12, "fields": {"app_label": "account", "model": "editorinstitutes"}}, {"model": "contenttypes.contenttype", "pk": 13, "fields": {"app_label": "authtoken", "model": "token"}}, {"model": "contenttypes.contenttype", "pk": 14, "fields": {"app_label": "authtoken", "model": "tokenproxy"}}, {"model": "contenttypes.contenttype", "pk": 15, "fields": {"app_label": "django_db_logger", "model": "statuslog"}}, {"model": "contenttypes.contenttype", "pk": 16, "fields": {"app_label": "organization", "model": "programs"}}, {"model": "contenttypes.contenttype", "pk": 17, "fields": {"app_label": "students", "model": "graduateswithprograms"}}, {"model": "sessions.session", "pk": "6hc02ja5wz7pw7a5bhazid0ifgc6vfz7", "fields": {"session_data": ".eJxVjDEOwjAMAP-SGUWu3DQOIztvqJzYIQWUSk07If4OlTrAene6lxl5W8u4NV3GSczZdOb0yyKnh9ZdyJ3rbbZprusyRbsn9rDNXmfR5-Vo_waFW9m3rhdGnxBEsiffq0PHaUAmyKHL35MEcEpMCCEROOyJPETUiDSAeX8A4Y83dw:1nmvrQ:dxOd2eiBUZ9bsIfinDoD0cdAsXdIxWpxCNtqTeIOT0Y", "expire_date": "2022-05-20T11:11:00.693Z"}}, {"model": "sessions.session", "pk": "artg4hl0a1ngx562nvsnak7lav3p1ohy", "fields": {"session_data": ".eJxVjDEOwjAMAP-SGUWu3DQOIztvqJzYIQWUSk07If4OlTrAene6lxl5W8u4NV3GSczZdOb0yyKnh9ZdyJ3rbbZprusyRbsn9rDNXmfR5-Vo_waFW9m3rhdGnxBEsiffq0PHaUAmyKHL35MEcEpMCCEROOyJPETUiDSAeX8A4Y83dw:1o97vK:nuPQJZGZrE6neFj_Q1GkprvDKbm4b-m48kQa6o4FcIU", "expire_date": "2022-07-20T16:30:46.039Z"}}, {"model": "sessions.session", "pk": "b2m0szjza8adjukszkmdlqtdfikki4kr", "fields": {"session_data": ".eJxVjDEOwjAMAP-SGUWu3DQOIztvqJzYIQWUSk07If4OlTrAene6lxl5W8u4NV3GSczZdOb0yyKnh9ZdyJ3rbbZprusyRbsn9rDNXmfR5-Vo_waFW9m3rhdGnxBEsiffq0PHaUAmyKHL35MEcEpMCCEROOyJPETUiDSAeX8A4Y83dw:1nPSDI:3K9rQ00OOqWvScMDi7WcDuRvDQNDqrpGzB8p9nDVYeA", "expire_date": "2022-03-16T16:52:32.056Z"}}, {"model": "sessions.session", "pk": "l3x47zguqlochhty2a5xxuywzfta7z6m", "fields": {"session_data": ".eJxVjDEOwjAMAP-SGUWu3DQOIztvqJzYIQWUSk07If4OlTrAene6lxl5W8u4NV3GSczZdOb0yyKnh9ZdyJ3rbbZprusyRbsn9rDNXmfR5-Vo_waFW9m3rhdGnxBEsiffq0PHaUAmyKHL35MEcEpMCCEROOyJPETUiDSAeX8A4Y83dw:1nPT7L:5LzSWpRVNv8ajnNu2wEEnt48niMhpyz83UFL2ByK5Vk", "expire_date": "2022-03-16T17:50:27.555Z"}}, {"model": "sessions.session", "pk": "vu2nk753ifldhatwddii6tejneluotk8", "fields": {"session_data": ".eJxVjDEOwjAMAP-SGUWu3DQOIztvqJzYIQWUSk07If4OlTrAene6lxl5W8u4NV3GSczZdOb0yyKnh9ZdyJ3rbbZprusyRbsn9rDNXmfR5-Vo_waFW9m3rhdGnxBEsiffq0PHaUAmyKHL35MEcEpMCCEROOyJPETUiDSAeX8A4Y83dw:1nXbmu:LLEm3L2H3M9ugc0phyqHrSo8rDZKbTXC7fme8iiK0vo", "expire_date": "2022-04-08T04:43:00.138Z"}}, {"model": "organization.stream", "pk": 1, "fields": {"name": "Engineering"}}, {"model": "organization.stream", "pk": 2, "fields": {"name": "Architecture"}}, {"model": "organization.stream", "pk": 3, "fields": {"name": "Humanities"}}, {"model": "organization.stream", "pk": 4, "fields": {"name": "Law"}}, {"model": "organization.stream", "pk": 5, "fields": {"name": "Management"}}, {"model": "organization.stream", "pk": 6, "fields": {"name": "Nursing"}}, {"model": "organization.stream", "pk": 7, "fields": {"name": "Pharmacy"}}, {"model": "organization.stream", "pk": 8, "fields": {"name": "Science"}}, {"model": "organization.campus", "pk": 1, "fields": {"name": "vskp", "inst_count": 8}}, {"model": "organization.campus", "pk": 2, "fields": {"name": "hyd", "inst_count": 4}}, {"model": "organization.campus", "pk": 3, "fields": {"name": "blr", "inst_count": 3}}, {"model": "organization.institute", "pk": 1, "fields": {"name": "git", "under_campus": 1, "stream": 1}}, {"model": "organization.institute", "pk": 2, "fields": {"name": "gim", "under_campus": 1, "stream": 5}}, {"model": "organization.institute", "pk": 3, "fields": {"name": "gis", "under_campus": 1, "stream": 8}}, {"model": "organization.institute", "pk": 4, "fields": {"name": "gsoa", "under_campus": 1, "stream": 2}}, {"model": "organization.institute", "pk": 5, "fields": {"name": "gin", "under_campus": 1, "stream": 6}}, {"model": "organization.institute", "pk": 6, "fields": {"name": "gip", "under_campus": 1, "stream": 7}}, {"model": "organization.institute", "pk": 7, "fields": {"name": "gsol", "under_campus": 1, "stream": 4}}, {"model": "organization.institute", "pk": 8, "fields": {"name": "gsgs", "under_campus": 1, "stream": 3}}, {"model": "organization.institute", "pk": 9, "fields": {"name": "soth", "under_campus": 2, "stream": 1}}, {"model": "organization.institute", "pk": 10, "fields": {"name": "hbs", "under_campus": 2, "stream": 5}}, {"model": "organization.institute", "pk": 11, "fields": {"name": "soph", "under_campus": 2, "stream": 7}}, {"model": "organization.institute", "pk": 12, "fields": {"name": "sosh", "under_campus": 2, "stream": 8}}, {"model": "organization.institute", "pk": 13, "fields": {"name": "sotb", "under_campus": 3, "stream": 1}}, {"model": "organization.institute", "pk": 14, "fields": {"name": "sosb", "under_campus": 3, "stream": 8}}, {"model": "organization.institute", "pk": 15, "fields": {"name": "gssb", "under_campus": 3, "stream": 5}}, {"model": "organization.courses", "pk": 1, "fields": {"course": "cse"}}, {"model": "organization.courses", "pk": 2, "fields": {"course": "eece"}}, {"model": "organization.courses", "pk": 3, "fields": {"course": "mech"}}, {"model": "organization.courses", "pk": 4, "fields": {"course": "civil"}}, {"model": "organization.courses", "pk": 5, "fields": {"course": "bio"}}, {"model": "organization.courses", "pk": 6, "fields": {"course": "bba"}}, {"model": "organization.courses", "pk": 7, "fields": {"course": "bcom"}}, {"model": "organization.courses", "pk": 8, "fields": {"course": "mba"}}, {"model": "organization.courses", "pk": 9, "fields": {"course": "mbfst"}}, {"model": "organization.courses", "pk": 10, "fields": {"course": "biochem"}}, {"model": "organization.courses", "pk": 11, "fields": {"course": "cs"}}, {"model": "organization.courses", "pk": 12, "fields": {"course": "bt"}}, {"model": "organization.courses", "pk": 13, "fields": {"course": "envsci"}}, {"model": "organization.courses", "pk": 14, "fields": {"course": "maths"}}, {"model": "organization.courses", "pk": 15, "fields": {"course": "chem"}}, {"model": "organization.courses", "pk": 16, "fields": {"course": "phy"}}, {"model": "organization.courses", "pk": 17, "fields": {"course": "barch"}}, {"model": "organization.courses", "pk": 18, "fields": {"course": "march"}}, {"model": "organization.courses", "pk": 19, "fields": {"course": "bpharm"}}, {"model": "organization.courses", "pk": 20, "fields": {"course": "mpharm"}}, {"model": "organization.courses", "pk": 21, "fields": {"course": "nursing"}}, {"model": "organization.courses", "pk": 22, "fields": {"course": "npcc"}}, {"model": "organization.courses", "pk": 23, "fields": {"course": "bballb"}}, {"model": "organization.courses", "pk": 24, "fields": {"course": "ballb"}}, {"model": "organization.courses", "pk": 25, "fields": {"course": "iprcl"}}, {"model": "organization.courses", "pk": 26, "fields": {"course": "ccl"}}, {"model": "organization.courses", "pk": 27, "fields": {"course": "intl"}}, {"model": "organization.courses", "pk": 28, "fields": {"course": "ap"}}, {"model": "organization.courses", "pk": 29, "fields": {"course": "hss"}}, {"model": "organization.courses", "pk": 30, "fields": {"course": "eco"}}, {"model": "organization.courses", "pk": 31, "fields": {"course": "aero"}}, {"model": "organization.courses", "pk": 32, "fields": {"course": "fst"}}, {"model": "organization.programs", "pk": 1, "fields": {"under_campus": 1, "under_institute": 1, "under_course": 1, "name": "cse", "is_ug": false}}, {"model": "organization.programs", "pk": 2, "fields": {"under_campus": 1, "under_institute": 1, "under_course": 1, "name": "ds", "is_ug": false}}, {"model": "organization.programs", "pk": 3, "fields": {"under_campus": 1, "under_institute": 1, "under_course": 1, "name": "cfis", "is_ug": false}}, {"model": "organization.programs", "pk": 4, "fields": {"under_campus": 1, "under_institute": 1, "under_course": 2, "name": "psa", "is_ug": false}}, {"model": "organization.programs", "pk": 5, "fields": {"under_campus": 1, "under_institute": 1, "under_course": 2, "name": "vlsi", "is_ug": false}}, {"model": "organization.programs", "pk": 6, "fields": {"under_campus": 1, "under_institute": 1, "under_course": 3, "name": "md", "is_ug": false}}, {"model": "organization.programs", "pk": 7, "fields": {"under_campus": 1, "under_institute": 1, "under_course": 3, "name": "mta", "is_ug": false}}, {"model": "organization.programs", "pk": 8, "fields": {"under_campus": 1, "under_institute": 1, "under_course": 4, "name": "struc", "is_ug": false}}, {"model": "organization.programs", "pk": 9, "fields": {"under_campus": 1, "under_institute": 1, "under_course": 5, "name": "fpt", "is_ug": false}}, {"model": "organization.programs", "pk": 10, "fields": {"under_campus": 1, "under_institute": 1, "under_course": 1, "name": "cse", "is_ug": true}}, {"model": "organization.programs", "pk": 11, "fields": {"under_campus": 1, "under_institute": 1, "under_course": 1, "name": "csbs", "is_ug": true}}, {"model": "organization.programs", "pk": 12, "fields": {"under_campus": 1, "under_institute": 1, "under_course": 2, "name": "ece", "is_ug": true}}, {"model": "organization.programs", "pk": 13, "fields": {"under_campus": 1, "under_institute": 1, "under_course": 2, "name": "eee", "is_ug": true}}, {"model": "organization.programs", "pk": 14, "fields": {"under_campus": 1, "under_institute": 1, "under_course": 3, "name": "mech", "is_ug": true}}, {"model": "organization.programs", "pk": 15, "fields": {"under_campus": 1, "under_institute": 1, "under_course": 4, "name": "civil", "is_ug": true}}, {"model": "organization.programs", "pk": 16, "fields": {"under_campus": 1, "under_institute": 1, "under_course": 5, "name": "bio", "is_ug": true}}, {"model": "organization.programs", "pk": 17, "fields": {"under_campus": 1, "under_institute": 2, "under_course": 6, "name": "gen", "is_ug": true}}, {"model": "organization.programs", "pk": 18, "fields": {"under_campus": 1, "under_institute": 2, "under_course": 6, "name": "fm", "is_ug": true}}, {"model": "organization.programs", "pk": 19, "fields": {"under_campus": 1, "under_institute": 2, "under_course": 6, "name": "ba", "is_ug": true}}, {"model": "organization.programs", "pk": 20, "fields": {"under_campus": 1, "under_institute": 2, "under_course": 6, "name": "cima", "is_ug": true}}, {"model": "organization.programs", "pk": 21, "fields": {"under_campus": 1, "under_institute": 2, "under_course": 6, "name": "log", "is_ug": true}}, {"model": "organization.programs", "pk": 22, "fields": {"under_campus": 1, "under_institute": 2, "under_course": 6, "name": "fintech", "is_ug": true}}, {"model": "organization.programs", "pk": 23, "fields": {"under_campus": 1, "under_institute": 2, "under_course": 7, "name": "acca", "is_ug": true}}, {"model": "organization.programs", "pk": 24, "fields": {"under_campus": 1, "under_institute": 2, "under_course": 7, "name": "aat", "is_ug": true}}, {"model": "organization.programs", "pk": 25, "fields": {"under_campus": 1, "under_institute": 2, "under_course": 8, "name": "gen", "is_ug": false}}, {"model": "organization.programs", "pk": 26, "fields": {"under_campus": 1, "under_institute": 2, "under_course": 8, "name": "hhm", "is_ug": false}}, {"model": "organization.programs", "pk": 27, "fields": {"under_campus": 1, "under_institute": 2, "under_course": 8, "name": "ib", "is_ug": false}}, {"model": "organization.programs", "pk": 28, "fields": {"under_campus": 1, "under_institute": 2, "under_course": 8, "name": "lscm", "is_ug": false}}, {"model": "organization.programs", "pk": 29, "fields": {"under_campus": 1, "under_institute": 2, "under_course": 8, "name": "ba", "is_ug": false}}, {"model": "organization.programs", "pk": 30, "fields": {"under_campus": 1, "under_institute": 2, "under_course": 8, "name": "imba", "is_ug": false}}, {"model": "organization.programs", "pk": 31, "fields": {"under_campus": 1, "under_institute": 3, "under_course": 9, "name": "mbfst", "is_ug": true}}, {"model": "organization.programs", "pk": 32, "fields": {"under_campus": 1, "under_institute": 3, "under_course": 10, "name": "biochem", "is_ug": true}}, {"model": "organization.programs", "pk": 33, "fields": {"under_campus": 1, "under_institute": 3, "under_course": 11, "name": "cs", "is_ug": true}}, {"model": "organization.programs", "pk": 34, "fields": {"under_campus": 1, "under_institute": 3, "under_course": 12, "name": "bt", "is_ug": true}}, {"model": "organization.programs", "pk": 35, "fields": {"under_campus": 1, "under_institute": 3, "under_course": 13, "name": "envsci", "is_ug": true}}, {"model": "organization.programs", "pk": 36, "fields": {"under_campus": 1, "under_institute": 3, "under_course": 14, "name": "maths", "is_ug": true}}, {"model": "organization.programs", "pk": 37, "fields": {"under_campus": 1, "under_institute": 3, "under_course": 15, "name": "chem", "is_ug": true}}, {"model": "organization.programs", "pk": 38, "fields": {"under_campus": 1, "under_institute": 3, "under_course": 16, "name": "phy", "is_ug": true}}, {"model": "organization.programs", "pk": 39, "fields": {"under_campus": 1, "under_institute": 3, "under_course": 11, "name": "bca", "is_ug": true}}, {"model": "organization.programs", "pk": 40, "fields": {"under_campus": 1, "under_institute": 3, "under_course": 9, "name": "mbfst", "is_ug": false}}, {"model": "organization.programs", "pk": 41, "fields": {"under_campus": 1, "under_institute": 3, "under_course": 10, "name": "biochem", "is_ug": false}}, {"model": "organization.programs", "pk": 42, "fields": {"under_campus": 1, "under_institute": 3, "under_course": 11, "name": "ds", "is_ug": false}}, {"model": "organization.programs", "pk": 43, "fields": {"under_campus": 1, "under_institute": 3, "under_course": 12, "name": "bt", "is_ug": false}}, {"model": "organization.programs", "pk": 44, "fields": {"under_campus": 1, "under_institute": 3, "under_course": 13, "name": "envsci", "is_ug": false}}, {"model": "organization.programs", "pk": 45, "fields": {"under_campus": 1, "under_institute": 3, "under_course": 14, "name": "maths", "is_ug": false}}, {"model": "organization.programs", "pk": 46, "fields": {"under_campus": 1, "under_institute": 3, "under_course": 15, "name": "chem", "is_ug": false}}, {"model": "organization.programs", "pk": 47, "fields": {"under_campus": 1, "under_institute": 3, "under_course": 16, "name": "phy", "is_ug": false}}, {"model": "organization.programs", "pk": 48, "fields": {"under_campus": 1, "under_institute": 3, "under_course": 11, "name": "mca", "is_ug": false}}, {"model": "organization.programs", "pk": 49, "fields": {"under_campus": 1, "under_institute": 4, "under_course": 17, "name": "barch", "is_ug": true}}, {"model": "organization.programs", "pk": 50, "fields": {"under_campus": 1, "under_institute": 4, "under_course": 18, "name": "march", "is_ug": false}}, {"model": "organization.programs", "pk": 51, "fields": {"under_campus": 1, "under_institute": 6, "under_course": 19, "name": "bpharm", "is_ug": true}}, {"model": "organization.programs", "pk": 52, "fields": {"under_campus": 1, "under_institute": 6, "under_course": 20, "name": "pharmceu", "is_ug": false}}, {"model": "organization.programs", "pk": 53, "fields": {"under_campus": 1, "under_institute": 6, "under_course": 20, "name": "pa", "is_ug": false}}, {"model": "organization.programs", "pk": 54, "fields": {"under_campus": 1, "under_institute": 6, "under_course": 20, "name": "pharmaco", "is_ug": false}}, {"model": "organization.programs", "pk": 55, "fields": {"under_campus": 1, "under_institute": 6, "under_course": 20, "name": "pc", "is_ug": false}}, {"model": "organization.programs", "pk": 56, "fields": {"under_campus": 1, "under_institute": 6, "under_course": 20, "name": "pqa", "is_ug": false}}, {"model": "organization.programs", "pk": 57, "fields": {"under_campus": 1, "under_institute": 5, "under_course": 21, "name": "nursing", "is_ug": true}}, {"model": "organization.programs", "pk": 58, "fields": {"under_campus": 1, "under_institute": 5, "under_course": 22, "name": "npcc", "is_ug": false}}, {"model": "organization.programs", "pk": 59, "fields": {"under_campus": 1, "under_institute": 7, "under_course": 23, "name": "bballb", "is_ug": true}}, {"model": "organization.programs", "pk": 60, "fields": {"under_campus": 1, "under_institute": 7, "under_course": 24, "name": "ballb", "is_ug": true}}, {"model": "organization.programs", "pk": 61, "fields": {"under_campus": 1, "under_institute": 7, "under_course": 25, "name": "iprcl", "is_ug": false}}, {"model": "organization.programs", "pk": 62, "fields": {"under_campus": 1, "under_institute": 7, "under_course": 26, "name": "ccl", "is_ug": false}}, {"model": "organization.programs", "pk": 63, "fields": {"under_campus": 1, "under_institute": 7, "under_course": 27, "name": "intl", "is_ug": false}}, {"model": "organization.programs", "pk": 64, "fields": {"under_campus": 1, "under_institute": 8, "under_course": 28, "name": "ap", "is_ug": true}}, {"model": "organization.programs", "pk": 65, "fields": {"under_campus": 1, "under_institute": 8, "under_course": 29, "name": "hss", "is_ug": true}}, {"model": "organization.programs", "pk": 66, "fields": {"under_campus": 1, "under_institute": 8, "under_course": 30, "name": "eco", "is_ug": true}}, {"model": "organization.programs", "pk": 67, "fields": {"under_campus": 1, "under_institute": 8, "under_course": 28, "name": "ap", "is_ug": false}}, {"model": "organization.programs", "pk": 68, "fields": {"under_campus": 1, "under_institute": 8, "under_course": 29, "name": "hss", "is_ug": false}}, {"model": "organization.programs", "pk": 69, "fields": {"under_campus": 1, "under_institute": 8, "under_course": 30, "name": "eco", "is_ug": false}}, {"model": "organization.programs", "pk": 70, "fields": {"under_campus": 2, "under_institute": 9, "under_course": 1, "name": "cse", "is_ug": true}}, {"model": "organization.programs", "pk": 71, "fields": {"under_campus": 2, "under_institute": 9, "under_course": 1, "name": "csbs", "is_ug": true}}, {"model": "organization.programs", "pk": 72, "fields": {"under_campus": 2, "under_institute": 9, "under_course": 2, "name": "ece", "is_ug": true}}, {"model": "organization.programs", "pk": 73, "fields": {"under_campus": 2, "under_institute": 9, "under_course": 2, "name": "eee", "is_ug": true}}, {"model": "organization.programs", "pk": 74, "fields": {"under_campus": 2, "under_institute": 9, "under_course": 3, "name": "mech", "is_ug": true}}, {"model": "organization.programs", "pk": 75, "fields": {"under_campus": 2, "under_institute": 9, "under_course": 4, "name": "civil", "is_ug": true}}, {"model": "organization.programs", "pk": 76, "fields": {"under_campus": 2, "under_institute": 9, "under_course": 31, "name": "aero", "is_ug": true}}, {"model": "organization.programs", "pk": 77, "fields": {"under_campus": 2, "under_institute": 9, "under_course": 1, "name": "cse", "is_ug": false}}, {"model": "organization.programs", "pk": 78, "fields": {"under_campus": 2, "under_institute": 9, "under_course": 1, "name": "ds", "is_ug": false}}, {"model": "organization.programs", "pk": 79, "fields": {"under_campus": 2, "under_institute": 9, "under_course": 2, "name": "edt", "is_ug": false}}, {"model": "organization.programs", "pk": 80, "fields": {"under_campus": 2, "under_institute": 9, "under_course": 4, "name": "casad", "is_ug": false}}, {"model": "organization.programs", "pk": 81, "fields": {"under_campus": 2, "under_institute": 9, "under_course": 3, "name": "mdr", "is_ug": false}}, {"model": "organization.programs", "pk": 82, "fields": {"under_campus": 2, "under_institute": 10, "under_course": 6, "name": "gen", "is_ug": true}}, {"model": "organization.programs", "pk": 83, "fields": {"under_campus": 2, "under_institute": 10, "under_course": 6, "name": "fm", "is_ug": true}}, {"model": "organization.programs", "pk": 84, "fields": {"under_campus": 2, "under_institute": 10, "under_course": 6, "name": "ba", "is_ug": true}}, {"model": "organization.programs", "pk": 85, "fields": {"under_campus": 2, "under_institute": 10, "under_course": 6, "name": "cima", "is_ug": true}}, {"model": "organization.programs", "pk": 86, "fields": {"under_campus": 2, "under_institute": 10, "under_course": 7, "name": "acca", "is_ug": true}}, {"model": "organization.programs", "pk": 87, "fields": {"under_campus": 2, "under_institute": 10, "under_course": 8, "name": "mba", "is_ug": false}}, {"model": "organization.programs", "pk": 88, "fields": {"under_campus": 2, "under_institute": 11, "under_course": 19, "name": "bpharm", "is_ug": true}}, {"model": "organization.programs", "pk": 89, "fields": {"under_campus": 2, "under_institute": 12, "under_course": 32, "name": "fst", "is_ug": true}}, {"model": "organization.programs", "pk": 90, "fields": {"under_campus": 2, "under_institute": 12, "under_course": 11, "name": "cs", "is_ug": true}}, {"model": "organization.programs", "pk": 91, "fields": {"under_campus": 2, "under_institute": 12, "under_course": 14, "name": "maths", "is_ug": true}}, {"model": "organization.programs", "pk": 92, "fields": {"under_campus": 2, "under_institute": 12, "under_course": 15, "name": "chem", "is_ug": true}}, {"model": "organization.programs", "pk": 93, "fields": {"under_campus": 2, "under_institute": 12, "under_course": 16, "name": "phy", "is_ug": true}}, {"model": "organization.programs", "pk": 94, "fields": {"under_campus": 2, "under_institute": 12, "under_course": 11, "name": "ds", "is_ug": false}}, {"model": "organization.programs", "pk": 95, "fields": {"under_campus": 2, "under_institute": 12, "under_course": 15, "name": "chem", "is_ug": false}}, {"model": "organization.programs", "pk": 96, "fields": {"under_campus": 3, "under_institute": 13, "under_course": 1, "name": "cse", "is_ug": true}}, {"model": "organization.programs", "pk": 97, "fields": {"under_campus": 3, "under_institute": 13, "under_course": 1, "name": "csbs", "is_ug": true}}, {"model": "organization.programs", "pk": 98, "fields": {"under_campus": 3, "under_institute": 13, "under_course": 2, "name": "ece", "is_ug": true}}, {"model": "organization.programs", "pk": 99, "fields": {"under_campus": 3, "under_institute": 13, "under_course": 2, "name": "eee", "is_ug": true}}, {"model": "organization.programs", "pk": 100, "fields": {"under_campus": 3, "under_institute": 13, "under_course": 3, "name": "mech", "is_ug": true}}, {"model": "organization.programs", "pk": 101, "fields": {"under_campus": 3, "under_institute": 13, "under_course": 4, "name": "civil", "is_ug": true}}, {"model": "organization.programs", "pk": 102, "fields": {"under_campus": 3, "under_institute": 13, "under_course": 1, "name": "ds", "is_ug": false}}, {"model": "organization.programs", "pk": 103, "fields": {"under_campus": 3, "under_institute": 13, "under_course": 2, "name": "vlsi", "is_ug": false}}, {"model": "organization.programs", "pk": 104, "fields": {"under_campus": 3, "under_institute": 15, "under_course": 6, "name": "gen", "is_ug": true}}, {"model": "organization.programs", "pk": 105, "fields": {"under_campus": 3, "under_institute": 15, "under_course": 6, "name": "fm", "is_ug": true}}, {"model": "organization.programs", "pk": 106, "fields": {"under_campus": 3, "under_institute": 15, "under_course": 6, "name": "ba", "is_ug": true}}, {"model": "organization.programs", "pk": 107, "fields": {"under_campus": 3, "under_institute": 15, "under_course": 7, "name": "acca", "is_ug": true}}, {"model": "organization.programs", "pk": 108, "fields": {"under_campus": 3, "under_institute": 15, "under_course": 8, "name": "mba", "is_ug": false}}, {"model": "organization.programs", "pk": 109, "fields": {"under_campus": 3, "under_institute": 12, "under_course": 11, "name": "cs", "is_ug": true}}, {"model": "organization.programs", "pk": 110, "fields": {"under_campus": 3, "under_institute": 12, "under_course": 14, "name": "maths", "is_ug": true}}, {"model": "organization.programs", "pk": 111, "fields": {"under_campus": 3, "under_institute": 12, "under_course": 15, "name": "chem", "is_ug": true}}, {"model": "organization.programs", "pk": 112, "fields": {"under_campus": 3, "under_institute": 12, "under_course": 16, "name": "phy", "is_ug": true}}, {"model": "organization.programs", "pk": 113, "fields": {"under_campus": 3, "under_institute": 12, "under_course": 11, "name": "bca", "is_ug": true}}, {"model": "organization.programs", "pk": 114, "fields": {"under_campus": 3, "under_institute": 12, "under_course": 14, "name": "maths", "is_ug": false}}, {"model": "organization.programs", "pk": 115, "fields": {"under_campus": 3, "under_institute": 12, "under_course": 15, "name": "chem", "is_ug": false}}, {"model": "organization.programs", "pk": 116, "fields": {"under_campus": 3, "under_institute": 12, "under_course": 16, "name": "phy", "is_ug": false}}, {"model": "students.graduates", "pk": 1, "fields": {"under_campus": 1, "under_institute": 1, "is_ug": true, "passing_year": "2022", "total_students": 0, "total_final_years": 0, "total_higher_study_and_pay_crt": 0, "total_opted_for_higher_studies_only": 0, "total_not_intrested_in_placments": 0, "total_backlogs_opted_for_placements": 0, "total_backlogs_opted_for_higherstudies": 0, "total_backlogs_opted_for_other_career_options": 0, "total_offers": 0, "total_multiple_offers": 0, "highest_salary": "3.00", "average_salary": "1.20", "lowest_salary": "20.10"}}, {"model": "students.graduates", "pk": 2, "fields": {"under_campus": 1, "under_institute": 1, "is_ug": false, "passing_year": "2022", "total_students": 82, "total_final_years": 90, "total_higher_study_and_pay_crt": 1, "total_opted_for_higher_studies_only": 0, "total_not_intrested_in_placments": 40, "total_backlogs_opted_for_placements": 4, "total_backlogs_opted_for_higherstudies": 0, "total_backlogs_opted_for_other_career_options": 14, "total_offers": 10, "total_multiple_offers": 2, "highest_salary": "8.00", "average_salary": "3.36", "lowest_salary": "5.25"}}, {"model": "students.graduates", "pk": 3, "fields": {"under_campus": 1, "under_institute": 2, "is_ug": true, "passing_year": "2022", "total_students": 299, "total_final_years": 281, "total_higher_study_and_pay_crt": 123, "total_opted_for_higher_studies_only": 9, "total_not_intrested_in_placments": 119, "total_backlogs_opted_for_placements": 27, "total_backlogs_opted_for_higherstudies": 12, "total_backlogs_opted_for_other_career_options": 46, "total_offers": 289, "total_multiple_offers": 0, "highest_salary": "3.25", "average_salary": "3.25", "lowest_salary": "3.25"}}, {"model": "students.graduates", "pk": 4, "fields": {"under_campus": 1, "under_institute": 2, "is_ug": false, "passing_year": "2022", "total_students": 6967, "total_final_years": 0, "total_higher_study_and_pay_crt": 0, "total_opted_for_higher_studies_only": 0, "total_not_intrested_in_placments": 10, "total_backlogs_opted_for_placements": 0, "total_backlogs_opted_for_higherstudies": 0, "total_backlogs_opted_for_other_career_options": 0, "total_offers": 0, "total_multiple_offers": 0, "highest_salary": "32.20", "average_salary": "12.20", "lowest_salary": "3.00"}}, {"model": "students.graduates", "pk": 5, "fields": {"under_campus": 1, "under_institute": 3, "is_ug": true, "passing_year": "2022", "total_students": 6968, "total_final_years": 0, "total_higher_study_and_pay_crt": 0, "total_opted_for_higher_studies_only": 0, "total_not_intrested_in_placments": 0, "total_backlogs_opted_for_placements": 0, "total_backlogs_opted_for_higherstudies": 0, "total_backlogs_opted_for_other_career_options": 0, "total_offers": 0, "total_multiple_offers": 0, "highest_salary": "0.00", "average_salary": "0.00", "lowest_salary": "0.00"}}, {"model": "students.graduates", "pk": 6, "fields": {"under_campus": 1, "under_institute": 3, "is_ug": false, "passing_year": "2022", "total_students": 384, "total_final_years": 378, "total_higher_study_and_pay_crt": 135, "total_opted_for_higher_studies_only": 6, "total_not_intrested_in_placments": 74, "total_backlogs_opted_for_placements": 5, "total_backlogs_opted_for_higherstudies": 0, "total_backlogs_opted_for_other_career_options": 0, "total_offers": 70, "total_multiple_offers": 3, "highest_salary": "4.50", "average_salary": "1.65", "lowest_salary": "3.50"}}, {"model": "students.graduates", "pk": 7, "fields": {"under_campus": 1, "under_institute": 4, "is_ug": true, "passing_year": "2022", "total_students": 0, "total_final_years": 56, "total_higher_study_and_pay_crt": 0, "total_opted_for_higher_studies_only": 0, "total_not_intrested_in_placments": 56, "total_backlogs_opted_for_placements": 0, "total_backlogs_opted_for_higherstudies": 0, "total_backlogs_opted_for_other_career_options": 12, "total_offers": 0, "total_multiple_offers": 0, "highest_salary": "0.00", "average_salary": "0.00", "lowest_salary": "0.00"}}, {"model": "students.graduates", "pk": 8, "fields": {"under_campus": 1, "under_institute": 4, "is_ug": false, "passing_year": "2022", "total_students": 0, "total_final_years": 14, "total_higher_study_and_pay_crt": 0, "total_opted_for_higher_studies_only": 0, "total_not_intrested_in_placments": 14, "total_backlogs_opted_for_placements": 0, "total_backlogs_opted_for_higherstudies": 0, "total_backlogs_opted_for_other_career_options": 0, "total_offers": 0, "total_multiple_offers": 0, "highest_salary": "0.00", "average_salary": "0.00", "lowest_salary": "0.00"}}, {"model": "students.graduates", "pk": 9, "fields": {"under_campus": 1, "under_institute": 5, "is_ug": true, "passing_year": "2022", "total_students": 9, "total_final_years": 9, "total_higher_study_and_pay_crt": 0, "total_opted_for_higher_studies_only": 8, "total_not_intrested_in_placments": 8, "total_backlogs_opted_for_placements": 8, "total_backlogs_opted_for_higherstudies": 8, "total_backlogs_opted_for_other_career_options": 0, "total_offers": 8, "total_multiple_offers": 8, "highest_salary": "9.00", "average_salary": "98.00", "lowest_salary": "798.00"}}, {"model": "students.graduates", "pk": 10, "fields": {"under_campus": 1, "under_institute": 5, "is_ug": false, "passing_year": "2022", "total_students": 0, "total_final_years": 0, "total_higher_study_and_pay_crt": 0, "total_opted_for_higher_studies_only": 0, "total_not_intrested_in_placments": 0, "total_backlogs_opted_for_placements": 0, "total_backlogs_opted_for_higherstudies": 0, "total_backlogs_opted_for_other_career_options": 0, "total_offers": 0, "total_multiple_offers": 0, "highest_salary": "0.00", "average_salary": "0.00", "lowest_salary": "0.00"}}, {"model": "students.graduates", "pk": 11, "fields": {"under_campus": 1, "under_institute": 6, "is_ug": true, "passing_year": "2022", "total_students": 99, "total_final_years": 93, "total_higher_study_and_pay_crt": 2, "total_opted_for_higher_studies_only": 26, "total_not_intrested_in_placments": 0, "total_backlogs_opted_for_placements": 6, "total_backlogs_opted_for_higherstudies": 1, "total_backlogs_opted_for_other_career_options": 3, "total_offers": 14, "total_multiple_offers": 0, "highest_salary": "4.50", "average_salary": "3.00", "lowest_salary": "3.75"}}, {"model": "students.graduates", "pk": 12, "fields": {"under_campus": 1, "under_institute": 6, "is_ug": false, "passing_year": "2022", "total_students": 99, "total_final_years": 93, "total_higher_study_and_pay_crt": 2, "total_opted_for_higher_studies_only": 26, "total_not_intrested_in_placments": 0, "total_backlogs_opted_for_placements": 6, "total_backlogs_opted_for_higherstudies": 1, "total_backlogs_opted_for_other_career_options": 3, "total_offers": 14, "total_multiple_offers": 0, "highest_salary": "4.50", "average_salary": "3.00", "lowest_salary": "3.75"}}, {"model": "students.graduates", "pk": 13, "fields": {"under_campus": 1, "under_institute": 7, "is_ug": true, "passing_year": "2022", "total_students": 16, "total_final_years": 14, "total_higher_study_and_pay_crt": 0, "total_opted_for_higher_studies_only": 0, "total_not_intrested_in_placments": 4, "total_backlogs_opted_for_placements": 0, "total_backlogs_opted_for_higherstudies": 0, "total_backlogs_opted_for_other_career_options": 0, "total_offers": 1, "total_multiple_offers": 0, "highest_salary": "0.00", "average_salary": "0.00", "lowest_salary": "0.00"}}, {"model": "students.graduates", "pk": 14, "fields": {"under_campus": 1, "under_institute": 7, "is_ug": false, "passing_year": "2022", "total_students": 0, "total_final_years": 0, "total_higher_study_and_pay_crt": 0, "total_opted_for_higher_studies_only": 0, "total_not_intrested_in_placments": 0, "total_backlogs_opted_for_placements": 0, "total_backlogs_opted_for_higherstudies": 0, "total_backlogs_opted_for_other_career_options": 0, "total_offers": 0, "total_multiple_offers": 0, "highest_salary": "0.00", "average_salary": "0.00", "lowest_salary": "0.00"}}, {"model": "students.graduates", "pk": 15, "fields": {"under_campus": 1, "under_institute": 8, "is_ug": true, "passing_year": "2022", "total_students": 99, "total_final_years": 0, "total_higher_study_and_pay_crt": 0, "total_opted_for_higher_studies_only": 0, "total_not_intrested_in_placments": 0, "total_backlogs_opted_for_placements": 0, "total_backlogs_opted_for_higherstudies": 0, "total_backlogs_opted_for_other_career_options": 0, "total_offers": 0, "total_multiple_offers": 0, "highest_salary": "0.00", "average_salary": "0.00", "lowest_salary": "0.00"}}, {"model": "students.graduates", "pk": 16, "fields": {"under_campus": 1, "under_institute": 8, "is_ug": false, "passing_year": "2022", "total_students": 0, "total_final_years": 0, "total_higher_study_and_pay_crt": 0, "total_opted_for_higher_studies_only": 0, "total_not_intrested_in_placments": 0, "total_backlogs_opted_for_placements": 0, "total_backlogs_opted_for_higherstudies": 0, "total_backlogs_opted_for_other_career_options": 0, "total_offers": 0, "total_multiple_offers": 0, "highest_salary": "0.00", "average_salary": "0.00", "lowest_salary": "0.00"}}, {"model": "students.graduates", "pk": 17, "fields": {"under_campus": 2, "under_institute": 9, "is_ug": true, "passing_year": "2022", "total_students": 892, "total_final_years": 862, "total_higher_study_and_pay_crt": 36, "total_opted_for_higher_studies_only": 116, "total_not_intrested_in_placments": 106, "total_backlogs_opted_for_placements": 34, "total_backlogs_opted_for_higherstudies": 0, "total_backlogs_opted_for_other_career_options": 51, "total_offers": 697, "total_multiple_offers": 229, "highest_salary": "32.00", "average_salary": "3.36", "lowest_salary": "5.10"}}, {"model": "students.graduates", "pk": 18, "fields": {"under_campus": 2, "under_institute": 9, "is_ug": false, "passing_year": "2022", "total_students": 26, "total_final_years": 23, "total_higher_study_and_pay_crt": 0, "total_opted_for_higher_studies_only": 0, "total_not_intrested_in_placments": 2, "total_backlogs_opted_for_placements": 2, "total_backlogs_opted_for_higherstudies": 0, "total_backlogs_opted_for_other_career_options": 0, "total_offers": 10, "total_multiple_offers": 0, "highest_salary": "5.20", "average_salary": "3.50", "lowest_salary": "5.00"}}, {"model": "students.graduates", "pk": 19, "fields": {"under_campus": 2, "under_institute": 10, "is_ug": true, "passing_year": "2022", "total_students": 323, "total_final_years": 315, "total_higher_study_and_pay_crt": 0, "total_opted_for_higher_studies_only": 41, "total_not_intrested_in_placments": 159, "total_backlogs_opted_for_placements": 9, "total_backlogs_opted_for_higherstudies": 0, "total_backlogs_opted_for_other_career_options": 46, "total_offers": 11, "total_multiple_offers": 1, "highest_salary": "9.00", "average_salary": "4.50", "lowest_salary": "6.83"}}, {"model": "students.graduates", "pk": 20, "fields": {"under_campus": 2, "under_institute": 10, "is_ug": false, "passing_year": "2022", "total_students": 78, "total_final_years": 77, "total_higher_study_and_pay_crt": 0, "total_opted_for_higher_studies_only": 0, "total_not_intrested_in_placments": 0, "total_backlogs_opted_for_placements": 11, "total_backlogs_opted_for_higherstudies": 0, "total_backlogs_opted_for_other_career_options": 0, "total_offers": 36, "total_multiple_offers": 2, "highest_salary": "10.00", "average_salary": "4.00", "lowest_salary": "6.55"}}, {"model": "students.graduates", "pk": 21, "fields": {"under_campus": 2, "under_institute": 11, "is_ug": true, "passing_year": "2022", "total_students": 36, "total_final_years": 33, "total_higher_study_and_pay_crt": 0, "total_opted_for_higher_studies_only": 14, "total_not_intrested_in_placments": 1, "total_backlogs_opted_for_placements": 5, "total_backlogs_opted_for_higherstudies": 0, "total_backlogs_opted_for_other_career_options": 5, "total_offers": 6, "total_multiple_offers": 0, "highest_salary": "2.18", "average_salary": "2.18", "lowest_salary": "2.18"}}, {"model": "students.graduates", "pk": 22, "fields": {"under_campus": 2, "under_institute": 11, "is_ug": false, "passing_year": "2022", "total_students": 0, "total_final_years": 0, "total_higher_study_and_pay_crt": 0, "total_opted_for_higher_studies_only": 0, "total_not_intrested_in_placments": 0, "total_backlogs_opted_for_placements": 0, "total_backlogs_opted_for_higherstudies": 0, "total_backlogs_opted_for_other_career_options": 0, "total_offers": 0, "total_multiple_offers": 0, "highest_salary": "0.00", "average_salary": "0.00", "lowest_salary": "0.00"}}, {"model": "students.graduates", "pk": 23, "fields": {"under_campus": 2, "under_institute": 12, "is_ug": true, "passing_year": "2022", "total_students": 196, "total_final_years": 191, "total_higher_study_and_pay_crt": 0, "total_opted_for_higher_studies_only": 78, "total_not_intrested_in_placments": 74, "total_backlogs_opted_for_placements": 7, "total_backlogs_opted_for_higherstudies": 0, "total_backlogs_opted_for_other_career_options": 62, "total_offers": 16, "total_multiple_offers": 1, "highest_salary": "3.82", "average_salary": "3.82", "lowest_salary": "3.82"}}, {"model": "students.graduates", "pk": 24, "fields": {"under_campus": 2, "under_institute": 12, "is_ug": false, "passing_year": "2022", "total_students": 77, "total_final_years": 71, "total_higher_study_and_pay_crt": 0, "total_opted_for_higher_studies_only": 0, "total_not_intrested_in_placments": 36, "total_backlogs_opted_for_placements": 0, "total_backlogs_opted_for_higherstudies": 0, "total_backlogs_opted_for_other_career_options": 0, "total_offers": 28, "total_multiple_offers": 1, "highest_salary": "9.00", "average_salary": "3.53", "lowest_salary": "3.53"}}, {"model": "students.graduates", "pk": 25, "fields": {"under_campus": 3, "under_institute": 13, "is_ug": true, "passing_year": "2022", "total_students": 0, "total_final_years": 0, "total_higher_study_and_pay_crt": 0, "total_opted_for_higher_studies_only": 0, "total_not_intrested_in_placments": 0, "total_backlogs_opted_for_placements": 0, "total_backlogs_opted_for_higherstudies": 0, "total_backlogs_opted_for_other_career_options": 0, "total_offers": 0, "total_multiple_offers": 0, "highest_salary": "0.00", "average_salary": "0.00", "lowest_salary": "0.00"}}, {"model": "students.graduates", "pk": 26, "fields": {"under_campus": 3, "under_institute": 13, "is_ug": false, "passing_year": "2022", "total_students": 5, "total_final_years": 3, "total_higher_study_and_pay_crt": 0, "total_opted_for_higher_studies_only": 0, "total_not_intrested_in_placments": 0, "total_backlogs_opted_for_placements": 0, "total_backlogs_opted_for_higherstudies": 0, "total_backlogs_opted_for_other_career_options": 0, "total_offers": 0, "total_multiple_offers": 0, "highest_salary": "0.00", "average_salary": "0.00", "lowest_salary": "0.00"}}, {"model": "students.graduates", "pk": 27, "fields": {"under_campus": 3, "under_institute": 14, "is_ug": true, "passing_year": "2022", "total_students": 10, "total_final_years": 10, "total_higher_study_and_pay_crt": 10, "total_opted_for_higher_studies_only": 10, "total_not_intrested_in_placments": 10, "total_backlogs_opted_for_placements": 10, "total_backlogs_opted_for_higherstudies": 10, "total_backlogs_opted_for_other_career_options": 10, "total_offers": 10, "total_multiple_offers": 10, "highest_salary": "10.00", "average_salary": "10.00", "lowest_salary": "10.00"}}, {"model": "students.graduates", "pk": 28, "fields": {"under_campus": 3, "under_institute": 14, "is_ug": false, "passing_year": "2022", "total_students": 10, "total_final_years": 10, "total_higher_study_and_pay_crt": 0, "total_opted_for_higher_studies_only": 9, "total_not_intrested_in_placments": 0, "total_backlogs_opted_for_placements": 0, "total_backlogs_opted_for_higherstudies": 0, "total_backlogs_opted_for_other_career_options": 0, "total_offers": 1, "total_multiple_offers": 0, "highest_salary": "9.00", "average_salary": "9.00", "lowest_salary": "9.00"}}, {"model": "students.graduates", "pk": 29, "fields": {"under_campus": 3, "under_institute": 15, "is_ug": true, "passing_year": "2022", "total_students": 712, "total_final_years": 540, "total_higher_study_and_pay_crt": 16, "total_opted_for_higher_studies_only": 0, "total_not_intrested_in_placments": 27, "total_backlogs_opted_for_placements": 60, "total_backlogs_opted_for_higherstudies": 0, "total_backlogs_opted_for_other_career_options": 0, "total_offers": 641, "total_multiple_offers": 258, "highest_salary": "8.50", "average_salary": "3.20", "lowest_salary": "4.20"}}, {"model": "students.graduates", "pk": 30, "fields": {"under_campus": 3, "under_institute": 15, "is_ug": false, "passing_year": "2022", "total_students": 33, "total_final_years": 28, "total_higher_study_and_pay_crt": 0, "total_opted_for_higher_studies_only": 0, "total_not_intrested_in_placments": 0, "total_backlogs_opted_for_placements": 5, "total_backlogs_opted_for_higherstudies": 0, "total_backlogs_opted_for_other_career_options": 0, "total_offers": 34, "total_multiple_offers": 16, "highest_salary": "10.00", "average_salary": "4.00", "lowest_salary": "6.58"}}, {"model": "students.graduateswithprograms", "pk": 4, "fields": {"under_campus": 1, "under_institute": 1, "passing_year": "2022", "program": 1, "is_ug": false, "total_students": 0, "total_final_years": 0, "total_higher_study_and_pay_crt": 0, "total_opted_for_higher_studies_only": 0, "total_not_intrested_in_placments": 0, "total_backlogs_opted_for_placements": 0, "total_backlogs_opted_for_higherstudies": 0, "total_backlogs_opted_for_other_career_options": 0, "total_offers": 0, "total_multiple_offers": 0, "highest_salary": "0.00", "average_salary": "0.00", "lowest_salary": "0.00"}}, {"model": "students.graduateswithprograms", "pk": 5, "fields": {"under_campus": 1, "under_institute": 1, "passing_year": "2022", "program": 2, "is_ug": false, "total_students": 0, "total_final_years": 0, "total_higher_study_and_pay_crt": 0, "total_opted_for_higher_studies_only": 0, "total_not_intrested_in_placments": 0, "total_backlogs_opted_for_placements": 0, "total_backlogs_opted_for_higherstudies": 0, "total_backlogs_opted_for_other_career_options": 0, "total_offers": 0, "total_multiple_offers": 0, "highest_salary": "0.00", "average_salary": "0.00", "lowest_salary": "0.00"}}, {"model": "students.graduateswithprograms", "pk": 6, "fields": {"under_campus": 1, "under_institute": 1, "passing_year": "2022", "program": 3, "is_ug": false, "total_students": 0, "total_final_years": 0, "total_higher_study_and_pay_crt": 0, "total_opted_for_higher_studies_only": 0, "total_not_intrested_in_placments": 0, "total_backlogs_opted_for_placements": 0, "total_backlogs_opted_for_higherstudies": 0, "total_backlogs_opted_for_other_career_options": 0, "total_offers": 0, "total_multiple_offers": 0, "highest_salary": "0.00", "average_salary": "0.00", "lowest_salary": "0.00"}}, {"model": "students.graduateswithprograms", "pk": 7, "fields": {"under_campus": 1, "under_institute": 1, "passing_year": "2022", "program": 4, "is_ug": false, "total_students": 0, "total_final_years": 0, "total_higher_study_and_pay_crt": 0, "total_opted_for_higher_studies_only": 0, "total_not_intrested_in_placments": 0, "total_backlogs_opted_for_placements": 0, "total_backlogs_opted_for_higherstudies": 0, "total_backlogs_opted_for_other_career_options": 0, "total_offers": 0, "total_multiple_offers": 0, "highest_salary": "0.00", "average_salary": "0.00", "lowest_salary": "0.00"}}, {"model": "students.graduateswithprograms", "pk": 8, "fields": {"under_campus": 1, "under_institute": 1, "passing_year": "2022", "program": 5, "is_ug": false, "total_students": 0, "total_final_years": 0, "total_higher_study_and_pay_crt": 0, "total_opted_for_higher_studies_only": 0, "total_not_intrested_in_placments": 0, "total_backlogs_opted_for_placements": 0, "total_backlogs_opted_for_higherstudies": 0, "total_backlogs_opted_for_other_career_options": 0, "total_offers": 0, "total_multiple_offers": 0, "highest_salary": "0.00", "average_salary": "0.00", "lowest_salary": "0.00"}}, {"model": "students.graduateswithprograms", "pk": 9, "fields": {"under_campus": 1, "under_institute": 1, "passing_year": "2022", "program": 6, "is_ug": false, "total_students": 0, "total_final_years": 0, "total_higher_study_and_pay_crt": 0, "total_opted_for_higher_studies_only": 0, "total_not_intrested_in_placments": 0, "total_backlogs_opted_for_placements": 0, "total_backlogs_opted_for_higherstudies": 0, "total_backlogs_opted_for_other_career_options": 0, "total_offers": 0, "total_multiple_offers": 0, "highest_salary": "0.00", "average_salary": "0.00", "lowest_salary": "0.00"}}, {"model": "students.graduateswithprograms", "pk": 10, "fields": {"under_campus": 1, "under_institute": 1, "passing_year": "2022", "program": 7, "is_ug": false, "total_students": 0, "total_final_years": 0, "total_higher_study_and_pay_crt": 0, "total_opted_for_higher_studies_only": 0, "total_not_intrested_in_placments": 0, "total_backlogs_opted_for_placements": 0, "total_backlogs_opted_for_higherstudies": 0, "total_backlogs_opted_for_other_career_options": 0, "total_offers": 0, "total_multiple_offers": 0, "highest_salary": "0.00", "average_salary": "0.00", "lowest_salary": "0.00"}}, {"model": "students.graduateswithprograms", "pk": 11, "fields": {"under_campus": 1, "under_institute": 1, "passing_year": "2022", "program": 8, "is_ug": false, "total_students": 0, "total_final_years": 0, "total_higher_study_and_pay_crt": 0, "total_opted_for_higher_studies_only": 0, "total_not_intrested_in_placments": 0, "total_backlogs_opted_for_placements": 0, "total_backlogs_opted_for_higherstudies": 0, "total_backlogs_opted_for_other_career_options": 0, "total_offers": 0, "total_multiple_offers": 0, "highest_salary": "0.00", "average_salary": "0.00", "lowest_salary": "0.00"}}, {"model": "students.graduateswithprograms", "pk": 12, "fields": {"under_campus": 1, "under_institute": 1, "passing_year": "2022", "program": 9, "is_ug": false, "total_students": 0, "total_final_years": 0, "total_higher_study_and_pay_crt": 0, "total_opted_for_higher_studies_only": 0, "total_not_intrested_in_placments": 0, "total_backlogs_opted_for_placements": 0, "total_backlogs_opted_for_higherstudies": 0, "total_backlogs_opted_for_other_career_options": 0, "total_offers": 0, "total_multiple_offers": 0, "highest_salary": "0.00", "average_salary": "0.00", "lowest_salary": "0.00"}}, {"model": "students.graduateswithprograms", "pk": 13, "fields": {"under_campus": 1, "under_institute": 1, "passing_year": "2022", "program": 10, "is_ug": true, "total_students": 0, "total_final_years": 0, "total_higher_study_and_pay_crt": 0, "total_opted_for_higher_studies_only": 0, "total_not_intrested_in_placments": 0, "total_backlogs_opted_for_placements": 0, "total_backlogs_opted_for_higherstudies": 0, "total_backlogs_opted_for_other_career_options": 0, "total_offers": 0, "total_multiple_offers": 0, "highest_salary": "0.00", "average_salary": "0.00", "lowest_salary": "0.00"}}, {"model": "students.graduateswithprograms", "pk": 14, "fields": {"under_campus": 1, "under_institute": 1, "passing_year": "2022", "program": 11, "is_ug": true, "total_students": 0, "total_final_years": 0, "total_higher_study_and_pay_crt": 0, "total_opted_for_higher_studies_only": 0, "total_not_intrested_in_placments": 0, "total_backlogs_opted_for_placements": 0, "total_backlogs_opted_for_higherstudies": 0, "total_backlogs_opted_for_other_career_options": 0, "total_offers": 0, "total_multiple_offers": 0, "highest_salary": "0.00", "average_salary": "0.00", "lowest_salary": "0.00"}}, {"model": "students.graduateswithprograms", "pk": 15, "fields": {"under_campus": 1, "under_institute": 1, "passing_year": "2022", "program": 12, "is_ug": true, "total_students": 0, "total_final_years": 0, "total_higher_study_and_pay_crt": 0, "total_opted_for_higher_studies_only": 0, "total_not_intrested_in_placments": 0, "total_backlogs_opted_for_placements": 0, "total_backlogs_opted_for_higherstudies": 0, "total_backlogs_opted_for_other_career_options": 0, "total_offers": 0, "total_multiple_offers": 0, "highest_salary": "0.00", "average_salary": "0.00", "lowest_salary": "0.00"}}, {"model": "students.graduateswithprograms", "pk": 16, "fields": {"under_campus": 1, "under_institute": 1, "passing_year": "2022", "program": 13, "is_ug": true, "total_students": 0, "total_final_years": 0, "total_higher_study_and_pay_crt": 0, "total_opted_for_higher_studies_only": 0, "total_not_intrested_in_placments": 0, "total_backlogs_opted_for_placements": 0, "total_backlogs_opted_for_higherstudies": 0, "total_backlogs_opted_for_other_career_options": 0, "total_offers": 0, "total_multiple_offers": 0, "highest_salary": "0.00", "average_salary": "0.00", "lowest_salary": "0.00"}}, {"model": "students.graduateswithprograms", "pk": 17, "fields": {"under_campus": 1, "under_institute": 1, "passing_year": "2022", "program": 14, "is_ug": true, "total_students": 0, "total_final_years": 0, "total_higher_study_and_pay_crt": 0, "total_opted_for_higher_studies_only": 0, "total_not_intrested_in_placments": 0, "total_backlogs_opted_for_placements": 0, "total_backlogs_opted_for_higherstudies": 0, "total_backlogs_opted_for_other_career_options": 0, "total_offers": 0, "total_multiple_offers": 0, "highest_salary": "0.00", "average_salary": "0.00", "lowest_salary": "0.00"}}, {"model": "students.graduateswithprograms", "pk": 18, "fields": {"under_campus": 1, "under_institute": 1, "passing_year": "2022", "program": 15, "is_ug": true, "total_students": 0, "total_final_years": 0, "total_higher_study_and_pay_crt": 0, "total_opted_for_higher_studies_only": 0, "total_not_intrested_in_placments": 0, "total_backlogs_opted_for_placements": 0, "total_backlogs_opted_for_higherstudies": 0, "total_backlogs_opted_for_other_career_options": 0, "total_offers": 0, "total_multiple_offers": 0, "highest_salary": "0.00", "average_salary": "0.00", "lowest_salary": "0.00"}}, {"model": "students.graduateswithprograms", "pk": 19, "fields": {"under_campus": 1, "under_institute": 1, "passing_year": "2022", "program": 16, "is_ug": true, "total_students": 0, "total_final_years": 0, "total_higher_study_and_pay_crt": 0, "total_opted_for_higher_studies_only": 0, "total_not_intrested_in_placments": 0, "total_backlogs_opted_for_placements": 0, "total_backlogs_opted_for_higherstudies": 0, "total_backlogs_opted_for_other_career_options": 0, "total_offers": 0, "total_multiple_offers": 0, "highest_salary": "0.00", "average_salary": "0.00", "lowest_salary": "0.00"}}, {"model": "students.graduateswithprograms", "pk": 20, "fields": {"under_campus": 1, "under_institute": 2, "passing_year": "2022", "program": 17, "is_ug": true, "total_students": 0, "total_final_years": 0, "total_higher_study_and_pay_crt": 0, "total_opted_for_higher_studies_only": 0, "total_not_intrested_in_placments": 0, "total_backlogs_opted_for_placements": 0, "total_backlogs_opted_for_higherstudies": 0, "total_backlogs_opted_for_other_career_options": 0, "total_offers": 0, "total_multiple_offers": 0, "highest_salary": "0.00", "average_salary": "0.00", "lowest_salary": "0.00"}}, {"model": "students.graduateswithprograms", "pk": 21, "fields": {"under_campus": 1, "under_institute": 2, "passing_year": "2022", "program": 18, "is_ug": true, "total_students": 0, "total_final_years": 0, "total_higher_study_and_pay_crt": 0, "total_opted_for_higher_studies_only": 0, "total_not_intrested_in_placments": 0, "total_backlogs_opted_for_placements": 0, "total_backlogs_opted_for_higherstudies": 0, "total_backlogs_opted_for_other_career_options": 0, "total_offers": 0, "total_multiple_offers": 0, "highest_salary": "0.00", "average_salary": "0.00", "lowest_salary": "0.00"}}, {"model": "students.graduateswithprograms", "pk": 22, "fields": {"under_campus": 1, "under_institute": 2, "passing_year": "2022", "program": 19, "is_ug": true, "total_students": 0, "total_final_years": 0, "total_higher_study_and_pay_crt": 0, "total_opted_for_higher_studies_only": 0, "total_not_intrested_in_placments": 0, "total_backlogs_opted_for_placements": 0, "total_backlogs_opted_for_higherstudies": 0, "total_backlogs_opted_for_other_career_options": 0, "total_offers": 0, "total_multiple_offers": 0, "highest_salary": "0.00", "average_salary": "0.00", "lowest_salary": "0.00"}}, {"model": "students.graduateswithprograms", "pk": 23, "fields": {"under_campus": 1, "under_institute": 2, "passing_year": "2022", "program": 20, "is_ug": true, "total_students": 0, "total_final_years": 0, "total_higher_study_and_pay_crt": 0, "total_opted_for_higher_studies_only": 0, "total_not_intrested_in_placments": 0, "total_backlogs_opted_for_placements": 0, "total_backlogs_opted_for_higherstudies": 0, "total_backlogs_opted_for_other_career_options": 0, "total_offers": 0, "total_multiple_offers": 0, "highest_salary": "0.00", "average_salary": "0.00", "lowest_salary": "0.00"}}, {"model": "students.graduateswithprograms", "pk": 24, "fields": {"under_campus": 1, "under_institute": 2, "passing_year": "2022", "program": 21, "is_ug": true, "total_students": 0, "total_final_years": 0, "total_higher_study_and_pay_crt": 0, "total_opted_for_higher_studies_only": 0, "total_not_intrested_in_placments": 0, "total_backlogs_opted_for_placements": 0, "total_backlogs_opted_for_higherstudies": 0, "total_backlogs_opted_for_other_career_options": 0, "total_offers": 0, "total_multiple_offers": 0, "highest_salary": "0.00", "average_salary": "0.00", "lowest_salary": "0.00"}}, {"model": "students.graduateswithprograms", "pk": 25, "fields": {"under_campus": 1, "under_institute": 2, "passing_year": "2022", "program": 22, "is_ug": true, "total_students": 0, "total_final_years": 0, "total_higher_study_and_pay_crt": 0, "total_opted_for_higher_studies_only": 0, "total_not_intrested_in_placments": 0, "total_backlogs_opted_for_placements": 0, "total_backlogs_opted_for_higherstudies": 0, "total_backlogs_opted_for_other_career_options": 0, "total_offers": 0, "total_multiple_offers": 0, "highest_salary": "0.00", "average_salary": "0.00", "lowest_salary": "0.00"}}, {"model": "students.graduateswithprograms", "pk": 26, "fields": {"under_campus": 1, "under_institute": 2, "passing_year": "2022", "program": 23, "is_ug": true, "total_students": 0, "total_final_years": 0, "total_higher_study_and_pay_crt": 0, "total_opted_for_higher_studies_only": 0, "total_not_intrested_in_placments": 0, "total_backlogs_opted_for_placements": 0, "total_backlogs_opted_for_higherstudies": 0, "total_backlogs_opted_for_other_career_options": 0, "total_offers": 0, "total_multiple_offers": 0, "highest_salary": "0.00", "average_salary": "0.00", "lowest_salary": "0.00"}}, {"model": "students.graduateswithprograms", "pk": 27, "fields": {"under_campus": 1, "under_institute": 2, "passing_year": "2022", "program": 24, "is_ug": true, "total_students": 0, "total_final_years": 0, "total_higher_study_and_pay_crt": 0, "total_opted_for_higher_studies_only": 0, "total_not_intrested_in_placments": 0, "total_backlogs_opted_for_placements": 0, "total_backlogs_opted_for_higherstudies": 0, "total_backlogs_opted_for_other_career_options": 0, "total_offers": 0, "total_multiple_offers": 0, "highest_salary": "0.00", "average_salary": "0.00", "lowest_salary": "0.00"}}, {"model": "students.graduateswithprograms", "pk": 28, "fields": {"under_campus": 1, "under_institute": 2, "passing_year": "2022", "program": 25, "is_ug": false, "total_students": 0, "total_final_years": 0, "total_higher_study_and_pay_crt": 0, "total_opted_for_higher_studies_only": 0, "total_not_intrested_in_placments": 0, "total_backlogs_opted_for_placements": 0, "total_backlogs_opted_for_higherstudies": 0, "total_backlogs_opted_for_other_career_options": 0, "total_offers": 0, "total_multiple_offers": 0, "highest_salary": "0.00", "average_salary": "0.00", "lowest_salary": "0.00"}}, {"model": "students.graduateswithprograms", "pk": 29, "fields": {"under_campus": 1, "under_institute": 2, "passing_year": "2022", "program": 26, "is_ug": false, "total_students": 0, "total_final_years": 0, "total_higher_study_and_pay_crt": 0, "total_opted_for_higher_studies_only": 0, "total_not_intrested_in_placments": 0, "total_backlogs_opted_for_placements": 0, "total_backlogs_opted_for_higherstudies": 0, "total_backlogs_opted_for_other_career_options": 0, "total_offers": 0, "total_multiple_offers": 0, "highest_salary": "0.00", "average_salary": "0.00", "lowest_salary": "0.00"}}, {"model": "students.graduateswithprograms", "pk": 30, "fields": {"under_campus": 1, "under_institute": 2, "passing_year": "2022", "program": 27, "is_ug": false, "total_students": 0, "total_final_years": 0, "total_higher_study_and_pay_crt": 0, "total_opted_for_higher_studies_only": 0, "total_not_intrested_in_placments": 0, "total_backlogs_opted_for_placements": 0, "total_backlogs_opted_for_higherstudies": 0, "total_backlogs_opted_for_other_career_options": 0, "total_offers": 0, "total_multiple_offers": 0, "highest_salary": "0.00", "average_salary": "0.00", "lowest_salary": "0.00"}}, {"model": "students.graduateswithprograms", "pk": 31, "fields": {"under_campus": 1, "under_institute": 2, "passing_year": "2022", "program": 28, "is_ug": false, "total_students": 0, "total_final_years": 0, "total_higher_study_and_pay_crt": 0, "total_opted_for_higher_studies_only": 0, "total_not_intrested_in_placments": 0, "total_backlogs_opted_for_placements": 0, "total_backlogs_opted_for_higherstudies": 0, "total_backlogs_opted_for_other_career_options": 0, "total_offers": 0, "total_multiple_offers": 0, "highest_salary": "0.00", "average_salary": "0.00", "lowest_salary": "0.00"}}, {"model": "students.graduateswithprograms", "pk": 32, "fields": {"under_campus": 1, "under_institute": 2, "passing_year": "2022", "program": 29, "is_ug": false, "total_students": 0, "total_final_years": 0, "total_higher_study_and_pay_crt": 0, "total_opted_for_higher_studies_only": 0, "total_not_intrested_in_placments": 0, "total_backlogs_opted_for_placements": 0, "total_backlogs_opted_for_higherstudies": 0, "total_backlogs_opted_for_other_career_options": 0, "total_offers": 0, "total_multiple_offers": 0, "highest_salary": "0.00", "average_salary": "0.00", "lowest_salary": "0.00"}}, {"model": "students.graduateswithprograms", "pk": 33, "fields": {"under_campus": 1, "under_institute": 2, "passing_year": "2022", "program": 30, "is_ug": false, "total_students": 0, "total_final_years": 0, "total_higher_study_and_pay_crt": 0, "total_opted_for_higher_studies_only": 0, "total_not_intrested_in_placments": 0, "total_backlogs_opted_for_placements": 0, "total_backlogs_opted_for_higherstudies": 0, "total_backlogs_opted_for_other_career_options": 0, "total_offers": 0, "total_multiple_offers": 0, "highest_salary": "0.00", "average_salary": "0.00", "lowest_salary": "0.00"}}, {"model": "students.graduateswithprograms", "pk": 34, "fields": {"under_campus": 1, "under_institute": 3, "passing_year": "2022", "program": 31, "is_ug": true, "total_students": 0, "total_final_years": 0, "total_higher_study_and_pay_crt": 0, "total_opted_for_higher_studies_only": 0, "total_not_intrested_in_placments": 0, "total_backlogs_opted_for_placements": 0, "total_backlogs_opted_for_higherstudies": 0, "total_backlogs_opted_for_other_career_options": 0, "total_offers": 0, "total_multiple_offers": 0, "highest_salary": "0.00", "average_salary": "0.00", "lowest_salary": "0.00"}}, {"model": "students.graduateswithprograms", "pk": 35, "fields": {"under_campus": 1, "under_institute": 3, "passing_year": "2022", "program": 32, "is_ug": true, "total_students": 0, "total_final_years": 0, "total_higher_study_and_pay_crt": 0, "total_opted_for_higher_studies_only": 0, "total_not_intrested_in_placments": 0, "total_backlogs_opted_for_placements": 0, "total_backlogs_opted_for_higherstudies": 0, "total_backlogs_opted_for_other_career_options": 0, "total_offers": 0, "total_multiple_offers": 0, "highest_salary": "0.00", "average_salary": "0.00", "lowest_salary": "0.00"}}, {"model": "students.graduateswithprograms", "pk": 36, "fields": {"under_campus": 1, "under_institute": 3, "passing_year": "2022", "program": 33, "is_ug": true, "total_students": 0, "total_final_years": 0, "total_higher_study_and_pay_crt": 0, "total_opted_for_higher_studies_only": 0, "total_not_intrested_in_placments": 0, "total_backlogs_opted_for_placements": 0, "total_backlogs_opted_for_higherstudies": 0, "total_backlogs_opted_for_other_career_options": 0, "total_offers": 0, "total_multiple_offers": 0, "highest_salary": "0.00", "average_salary": "0.00", "lowest_salary": "0.00"}}, {"model": "students.graduateswithprograms", "pk": 37, "fields": {"under_campus": 1, "under_institute": 3, "passing_year": "2022", "program": 34, "is_ug": true, "total_students": 0, "total_final_years": 0, "total_higher_study_and_pay_crt": 0, "total_opted_for_higher_studies_only": 0, "total_not_intrested_in_placments": 0, "total_backlogs_opted_for_placements": 0, "total_backlogs_opted_for_higherstudies": 0, "total_backlogs_opted_for_other_career_options": 0, "total_offers": 0, "total_multiple_offers": 0, "highest_salary": "0.00", "average_salary": "0.00", "lowest_salary": "0.00"}}, {"model": "students.graduateswithprograms", "pk": 38, "fields": {"under_campus": 1, "under_institute": 3, "passing_year": "2022", "program": 35, "is_ug": true, "total_students": 0, "total_final_years": 0, "total_higher_study_and_pay_crt": 0, "total_opted_for_higher_studies_only": 0, "total_not_intrested_in_placments": 0, "total_backlogs_opted_for_placements": 0, "total_backlogs_opted_for_higherstudies": 0, "total_backlogs_opted_for_other_career_options": 0, "total_offers": 0, "total_multiple_offers": 0, "highest_salary": "0.00", "average_salary": "0.00", "lowest_salary": "0.00"}}, {"model": "students.graduateswithprograms", "pk": 39, "fields": {"under_campus": 1, "under_institute": 3, "passing_year": "2022", "program": 36, "is_ug": true, "total_students": 0, "total_final_years": 0, "total_higher_study_and_pay_crt": 0, "total_opted_for_higher_studies_only": 0, "total_not_intrested_in_placments": 0, "total_backlogs_opted_for_placements": 0, "total_backlogs_opted_for_higherstudies": 0, "total_backlogs_opted_for_other_career_options": 0, "total_offers": 0, "total_multiple_offers": 0, "highest_salary": "0.00", "average_salary": "0.00", "lowest_salary": "0.00"}}, {"model": "students.graduateswithprograms", "pk": 40, "fields": {"under_campus": 1, "under_institute": 3, "passing_year": "2022", "program": 37, "is_ug": true, "total_students": 0, "total_final_years": 0, "total_higher_study_and_pay_crt": 0, "total_opted_for_higher_studies_only": 0, "total_not_intrested_in_placments": 0, "total_backlogs_opted_for_placements": 0, "total_backlogs_opted_for_higherstudies": 0, "total_backlogs_opted_for_other_career_options": 0, "total_offers": 0, "total_multiple_offers": 0, "highest_salary": "0.00", "average_salary": "0.00", "lowest_salary": "0.00"}}, {"model": "students.graduateswithprograms", "pk": 41, "fields": {"under_campus": 1, "under_institute": 3, "passing_year": "2022", "program": 38, "is_ug": true, "total_students": 0, "total_final_years": 0, "total_higher_study_and_pay_crt": 0, "total_opted_for_higher_studies_only": 0, "total_not_intrested_in_placments": 0, "total_backlogs_opted_for_placements": 0, "total_backlogs_opted_for_higherstudies": 0, "total_backlogs_opted_for_other_career_options": 0, "total_offers": 0, "total_multiple_offers": 0, "highest_salary": "0.00", "average_salary": "0.00", "lowest_salary": "0.00"}}, {"model": "students.graduateswithprograms", "pk": 42, "fields": {"under_campus": 1, "under_institute": 3, "passing_year": "2022", "program": 39, "is_ug": true, "total_students": 0, "total_final_years": 0, "total_higher_study_and_pay_crt": 0, "total_opted_for_higher_studies_only": 0, "total_not_intrested_in_placments": 0, "total_backlogs_opted_for_placements": 0, "total_backlogs_opted_for_higherstudies": 0, "total_backlogs_opted_for_other_career_options": 0, "total_offers": 0, "total_multiple_offers": 0, "highest_salary": "0.00", "average_salary": "0.00", "lowest_salary": "0.00"}}, {"model": "students.graduateswithprograms", "pk": 43, "fields": {"under_campus": 1, "under_institute": 3, "passing_year": "2022", "program": 40, "is_ug": false, "total_students": 0, "total_final_years": 0, "total_higher_study_and_pay_crt": 0, "total_opted_for_higher_studies_only": 0, "total_not_intrested_in_placments": 0, "total_backlogs_opted_for_placements": 0, "total_backlogs_opted_for_higherstudies": 0, "total_backlogs_opted_for_other_career_options": 0, "total_offers": 0, "total_multiple_offers": 0, "highest_salary": "0.00", "average_salary": "0.00", "lowest_salary": "0.00"}}, {"model": "students.graduateswithprograms", "pk": 44, "fields": {"under_campus": 1, "under_institute": 3, "passing_year": "2022", "program": 41, "is_ug": false, "total_students": 0, "total_final_years": 0, "total_higher_study_and_pay_crt": 0, "total_opted_for_higher_studies_only": 0, "total_not_intrested_in_placments": 0, "total_backlogs_opted_for_placements": 0, "total_backlogs_opted_for_higherstudies": 0, "total_backlogs_opted_for_other_career_options": 0, "total_offers": 0, "total_multiple_offers": 0, "highest_salary": "0.00", "average_salary": "0.00", "lowest_salary": "0.00"}}, {"model": "students.graduateswithprograms", "pk": 45, "fields": {"under_campus": 1, "under_institute": 3, "passing_year": "2022", "program": 42, "is_ug": false, "total_students": 0, "total_final_years": 0, "total_higher_study_and_pay_crt": 0, "total_opted_for_higher_studies_only": 0, "total_not_intrested_in_placments": 0, "total_backlogs_opted_for_placements": 0, "total_backlogs_opted_for_higherstudies": 0, "total_backlogs_opted_for_other_career_options": 0, "total_offers": 0, "total_multiple_offers": 0, "highest_salary": "0.00", "average_salary": "0.00", "lowest_salary": "0.00"}}, {"model": "students.graduateswithprograms", "pk": 46, "fields": {"under_campus": 1, "under_institute": 3, "passing_year": "2022", "program": 43, "is_ug": false, "total_students": 0, "total_final_years": 0, "total_higher_study_and_pay_crt": 0, "total_opted_for_higher_studies_only": 0, "total_not_intrested_in_placments": 0, "total_backlogs_opted_for_placements": 0, "total_backlogs_opted_for_higherstudies": 0, "total_backlogs_opted_for_other_career_options": 0, "total_offers": 0, "total_multiple_offers": 0, "highest_salary": "0.00", "average_salary": "0.00", "lowest_salary": "0.00"}}, {"model": "students.graduateswithprograms", "pk": 47, "fields": {"under_campus": 1, "under_institute": 3, "passing_year": "2022", "program": 44, "is_ug": false, "total_students": 0, "total_final_years": 0, "total_higher_study_and_pay_crt": 0, "total_opted_for_higher_studies_only": 0, "total_not_intrested_in_placments": 0, "total_backlogs_opted_for_placements": 0, "total_backlogs_opted_for_higherstudies": 0, "total_backlogs_opted_for_other_career_options": 0, "total_offers": 0, "total_multiple_offers": 0, "highest_salary": "0.00", "average_salary": "0.00", "lowest_salary": "0.00"}}, {"model": "students.graduateswithprograms", "pk": 48, "fields": {"under_campus": 1, "under_institute": 3, "passing_year": "2022", "program": 45, "is_ug": false, "total_students": 0, "total_final_years": 0, "total_higher_study_and_pay_crt": 0, "total_opted_for_higher_studies_only": 0, "total_not_intrested_in_placments": 0, "total_backlogs_opted_for_placements": 0, "total_backlogs_opted_for_higherstudies": 0, "total_backlogs_opted_for_other_career_options": 0, "total_offers": 0, "total_multiple_offers": 0, "highest_salary": "0.00", "average_salary": "0.00", "lowest_salary": "0.00"}}, {"model": "students.graduateswithprograms", "pk": 49, "fields": {"under_campus": 1, "under_institute": 3, "passing_year": "2022", "program": 46, "is_ug": false, "total_students": 0, "total_final_years": 0, "total_higher_study_and_pay_crt": 0, "total_opted_for_higher_studies_only": 0, "total_not_intrested_in_placments": 0, "total_backlogs_opted_for_placements": 0, "total_backlogs_opted_for_higherstudies": 0, "total_backlogs_opted_for_other_career_options": 0, "total_offers": 0, "total_multiple_offers": 0, "highest_salary": "0.00", "average_salary": "0.00", "lowest_salary": "0.00"}}, {"model": "students.graduateswithprograms", "pk": 50, "fields": {"under_campus": 1, "under_institute": 3, "passing_year": "2022", "program": 47, "is_ug": false, "total_students": 0, "total_final_years": 0, "total_higher_study_and_pay_crt": 0, "total_opted_for_higher_studies_only": 0, "total_not_intrested_in_placments": 0, "total_backlogs_opted_for_placements": 0, "total_backlogs_opted_for_higherstudies": 0, "total_backlogs_opted_for_other_career_options": 0, "total_offers": 0, "total_multiple_offers": 0, "highest_salary": "0.00", "average_salary": "0.00", "lowest_salary": "0.00"}}, {"model": "students.graduateswithprograms", "pk": 51, "fields": {"under_campus": 1, "under_institute": 3, "passing_year": "2022", "program": 48, "is_ug": false, "total_students": 0, "total_final_years": 0, "total_higher_study_and_pay_crt": 0, "total_opted_for_higher_studies_only": 0, "total_not_intrested_in_placments": 0, "total_backlogs_opted_for_placements": 0, "total_backlogs_opted_for_higherstudies": 0, "total_backlogs_opted_for_other_career_options": 0, "total_offers": 0, "total_multiple_offers": 0, "highest_salary": "0.00", "average_salary": "0.00", "lowest_salary": "0.00"}}, {"model": "students.graduateswithprograms", "pk": 52, "fields": {"under_campus": 1, "under_institute": 4, "passing_year": "2022", "program": 49, "is_ug": true, "total_students": 0, "total_final_years": 0, "total_higher_study_and_pay_crt": 0, "total_opted_for_higher_studies_only": 0, "total_not_intrested_in_placments": 0, "total_backlogs_opted_for_placements": 0, "total_backlogs_opted_for_higherstudies": 0, "total_backlogs_opted_for_other_career_options": 0, "total_offers": 0, "total_multiple_offers": 0, "highest_salary": "0.00", "average_salary": "0.00", "lowest_salary": "0.00"}}, {"model": "students.graduateswithprograms", "pk": 53, "fields": {"under_campus": 1, "under_institute": 4, "passing_year": "2022", "program": 50, "is_ug": false, "total_students": 0, "total_final_years": 0, "total_higher_study_and_pay_crt": 0, "total_opted_for_higher_studies_only": 0, "total_not_intrested_in_placments": 0, "total_backlogs_opted_for_placements": 0, "total_backlogs_opted_for_higherstudies": 0, "total_backlogs_opted_for_other_career_options": 0, "total_offers": 0, "total_multiple_offers": 0, "highest_salary": "0.00", "average_salary": "0.00", "lowest_salary": "0.00"}}, {"model": "students.graduateswithprograms", "pk": 54, "fields": {"under_campus": 1, "under_institute": 6, "passing_year": "2022", "program": 51, "is_ug": true, "total_students": 0, "total_final_years": 0, "total_higher_study_and_pay_crt": 0, "total_opted_for_higher_studies_only": 0, "total_not_intrested_in_placments": 0, "total_backlogs_opted_for_placements": 0, "total_backlogs_opted_for_higherstudies": 0, "total_backlogs_opted_for_other_career_options": 0, "total_offers": 0, "total_multiple_offers": 0, "highest_salary": "0.00", "average_salary": "0.00", "lowest_salary": "0.00"}}, {"model": "students.graduateswithprograms", "pk": 55, "fields": {"under_campus": 1, "under_institute": 6, "passing_year": "2022", "program": 52, "is_ug": false, "total_students": 0, "total_final_years": 0, "total_higher_study_and_pay_crt": 0, "total_opted_for_higher_studies_only": 0, "total_not_intrested_in_placments": 0, "total_backlogs_opted_for_placements": 0, "total_backlogs_opted_for_higherstudies": 0, "total_backlogs_opted_for_other_career_options": 0, "total_offers": 0, "total_multiple_offers": 0, "highest_salary": "0.00", "average_salary": "0.00", "lowest_salary": "0.00"}}, {"model": "students.graduateswithprograms", "pk": 56, "fields": {"under_campus": 1, "under_institute": 6, "passing_year": "2022", "program": 53, "is_ug": false, "total_students": 0, "total_final_years": 0, "total_higher_study_and_pay_crt": 0, "total_opted_for_higher_studies_only": 0, "total_not_intrested_in_placments": 0, "total_backlogs_opted_for_placements": 0, "total_backlogs_opted_for_higherstudies": 0, "total_backlogs_opted_for_other_career_options": 0, "total_offers": 0, "total_multiple_offers": 0, "highest_salary": "0.00", "average_salary": "0.00", "lowest_salary": "0.00"}}, {"model": "students.graduateswithprograms", "pk": 57, "fields": {"under_campus": 1, "under_institute": 6, "passing_year": "2022", "program": 54, "is_ug": false, "total_students": 0, "total_final_years": 0, "total_higher_study_and_pay_crt": 0, "total_opted_for_higher_studies_only": 0, "total_not_intrested_in_placments": 0, "total_backlogs_opted_for_placements": 0, "total_backlogs_opted_for_higherstudies": 0, "total_backlogs_opted_for_other_career_options": 0, "total_offers": 0, "total_multiple_offers": 0, "highest_salary": "0.00", "average_salary": "0.00", "lowest_salary": "0.00"}}, {"model": "students.graduateswithprograms", "pk": 58, "fields": {"under_campus": 1, "under_institute": 6, "passing_year": "2022", "program": 55, "is_ug": false, "total_students": 0, "total_final_years": 0, "total_higher_study_and_pay_crt": 0, "total_opted_for_higher_studies_only": 0, "total_not_intrested_in_placments": 0, "total_backlogs_opted_for_placements": 0, "total_backlogs_opted_for_higherstudies": 0, "total_backlogs_opted_for_other_career_options": 0, "total_offers": 0, "total_multiple_offers": 0, "highest_salary": "0.00", "average_salary": "0.00", "lowest_salary": "0.00"}}, {"model": "students.graduateswithprograms", "pk": 59, "fields": {"under_campus": 1, "under_institute": 6, "passing_year": "2022", "program": 56, "is_ug": false, "total_students": 0, "total_final_years": 0, "total_higher_study_and_pay_crt": 0, "total_opted_for_higher_studies_only": 0, "total_not_intrested_in_placments": 0, "total_backlogs_opted_for_placements": 0, "total_backlogs_opted_for_higherstudies": 0, "total_backlogs_opted_for_other_career_options": 0, "total_offers": 0, "total_multiple_offers": 0, "highest_salary": "0.00", "average_salary": "0.00", "lowest_salary": "0.00"}}, {"model": "students.graduateswithprograms", "pk": 60, "fields": {"under_campus": 1, "under_institute": 5, "passing_year": "2022", "program": 57, "is_ug": true, "total_students": 0, "total_final_years": 0, "total_higher_study_and_pay_crt": 0, "total_opted_for_higher_studies_only": 0, "total_not_intrested_in_placments": 0, "total_backlogs_opted_for_placements": 0, "total_backlogs_opted_for_higherstudies": 0, "total_backlogs_opted_for_other_career_options": 0, "total_offers": 0, "total_multiple_offers": 0, "highest_salary": "0.00", "average_salary": "0.00", "lowest_salary": "0.00"}}, {"model": "students.graduateswithprograms", "pk": 61, "fields": {"under_campus": 1, "under_institute": 5, "passing_year": "2022", "program": 58, "is_ug": false, "total_students": 0, "total_final_years": 0, "total_higher_study_and_pay_crt": 0, "total_opted_for_higher_studies_only": 0, "total_not_intrested_in_placments": 0, "total_backlogs_opted_for_placements": 0, "total_backlogs_opted_for_higherstudies": 0, "total_backlogs_opted_for_other_career_options": 0, "total_offers": 0, "total_multiple_offers": 0, "highest_salary": "0.00", "average_salary": "0.00", "lowest_salary": "0.00"}}, {"model": "students.graduateswithprograms", "pk": 62, "fields": {"under_campus": 1, "under_institute": 7, "passing_year": "2022", "program": 59, "is_ug": true, "total_students": 0, "total_final_years": 0, "total_higher_study_and_pay_crt": 0, "total_opted_for_higher_studies_only": 0, "total_not_intrested_in_placments": 0, "total_backlogs_opted_for_placements": 0, "total_backlogs_opted_for_higherstudies": 0, "total_backlogs_opted_for_other_career_options": 0, "total_offers": 0, "total_multiple_offers": 0, "highest_salary": "0.00", "average_salary": "0.00", "lowest_salary": "0.00"}}, {"model": "students.graduateswithprograms", "pk": 63, "fields": {"under_campus": 1, "under_institute": 7, "passing_year": "2022", "program": 60, "is_ug": true, "total_students": 0, "total_final_years": 0, "total_higher_study_and_pay_crt": 0, "total_opted_for_higher_studies_only": 0, "total_not_intrested_in_placments": 0, "total_backlogs_opted_for_placements": 0, "total_backlogs_opted_for_higherstudies": 0, "total_backlogs_opted_for_other_career_options": 0, "total_offers": 0, "total_multiple_offers": 0, "highest_salary": "0.00", "average_salary": "0.00", "lowest_salary": "0.00"}}, {"model": "students.graduateswithprograms", "pk": 64, "fields": {"under_campus": 1, "under_institute": 7, "passing_year": "2022", "program": 61, "is_ug": false, "total_students": 0, "total_final_years": 0, "total_higher_study_and_pay_crt": 0, "total_opted_for_higher_studies_only": 0, "total_not_intrested_in_placments": 0, "total_backlogs_opted_for_placements": 0, "total_backlogs_opted_for_higherstudies": 0, "total_backlogs_opted_for_other_career_options": 0, "total_offers": 0, "total_multiple_offers": 0, "highest_salary": "0.00", "average_salary": "0.00", "lowest_salary": "0.00"}}, {"model": "students.graduateswithprograms", "pk": 65, "fields": {"under_campus": 1, "under_institute": 7, "passing_year": "2022", "program": 62, "is_ug": false, "total_students": 0, "total_final_years": 0, "total_higher_study_and_pay_crt": 0, "total_opted_for_higher_studies_only": 0, "total_not_intrested_in_placments": 0, "total_backlogs_opted_for_placements": 0, "total_backlogs_opted_for_higherstudies": 0, "total_backlogs_opted_for_other_career_options": 0, "total_offers": 0, "total_multiple_offers": 0, "highest_salary": "0.00", "average_salary": "0.00", "lowest_salary": "0.00"}}, {"model": "students.graduateswithprograms", "pk": 66, "fields": {"under_campus": 1, "under_institute": 7, "passing_year": "2022", "program": 63, "is_ug": false, "total_students": 0, "total_final_years": 0, "total_higher_study_and_pay_crt": 0, "total_opted_for_higher_studies_only": 0, "total_not_intrested_in_placments": 0, "total_backlogs_opted_for_placements": 0, "total_backlogs_opted_for_higherstudies": 0, "total_backlogs_opted_for_other_career_options": 0, "total_offers": 0, "total_multiple_offers": 0, "highest_salary": "0.00", "average_salary": "0.00", "lowest_salary": "0.00"}}, {"model": "students.graduateswithprograms", "pk": 67, "fields": {"under_campus": 1, "under_institute": 8, "passing_year": "2022", "program": 64, "is_ug": true, "total_students": 0, "total_final_years": 0, "total_higher_study_and_pay_crt": 0, "total_opted_for_higher_studies_only": 0, "total_not_intrested_in_placments": 0, "total_backlogs_opted_for_placements": 0, "total_backlogs_opted_for_higherstudies": 0, "total_backlogs_opted_for_other_career_options": 0, "total_offers": 0, "total_multiple_offers": 0, "highest_salary": "0.00", "average_salary": "0.00", "lowest_salary": "0.00"}}, {"model": "students.graduateswithprograms", "pk": 68, "fields": {"under_campus": 1, "under_institute": 8, "passing_year": "2022", "program": 65, "is_ug": true, "total_students": 0, "total_final_years": 0, "total_higher_study_and_pay_crt": 0, "total_opted_for_higher_studies_only": 0, "total_not_intrested_in_placments": 0, "total_backlogs_opted_for_placements": 0, "total_backlogs_opted_for_higherstudies": 0, "total_backlogs_opted_for_other_career_options": 0, "total_offers": 0, "total_multiple_offers": 0, "highest_salary": "0.00", "average_salary": "0.00", "lowest_salary": "0.00"}}, {"model": "students.graduateswithprograms", "pk": 69, "fields": {"under_campus": 1, "under_institute": 8, "passing_year": "2022", "program": 66, "is_ug": true, "total_students": 0, "total_final_years": 0, "total_higher_study_and_pay_crt": 0, "total_opted_for_higher_studies_only": 0, "total_not_intrested_in_placments": 0, "total_backlogs_opted_for_placements": 0, "total_backlogs_opted_for_higherstudies": 0, "total_backlogs_opted_for_other_career_options": 0, "total_offers": 0, "total_multiple_offers": 0, "highest_salary": "0.00", "average_salary": "0.00", "lowest_salary": "0.00"}}, {"model": "students.graduateswithprograms", "pk": 70, "fields": {"under_campus": 1, "under_institute": 8, "passing_year": "2022", "program": 67, "is_ug": false, "total_students": 0, "total_final_years": 0, "total_higher_study_and_pay_crt": 0, "total_opted_for_higher_studies_only": 0, "total_not_intrested_in_placments": 0, "total_backlogs_opted_for_placements": 0, "total_backlogs_opted_for_higherstudies": 0, "total_backlogs_opted_for_other_career_options": 0, "total_offers": 0, "total_multiple_offers": 0, "highest_salary": "0.00", "average_salary": "0.00", "lowest_salary": "0.00"}}, {"model": "students.graduateswithprograms", "pk": 71, "fields": {"under_campus": 1, "under_institute": 8, "passing_year": "2022", "program": 68, "is_ug": false, "total_students": 0, "total_final_years": 0, "total_higher_study_and_pay_crt": 0, "total_opted_for_higher_studies_only": 0, "total_not_intrested_in_placments": 0, "total_backlogs_opted_for_placements": 0, "total_backlogs_opted_for_higherstudies": 0, "total_backlogs_opted_for_other_career_options": 0, "total_offers": 0, "total_multiple_offers": 0, "highest_salary": "0.00", "average_salary": "0.00", "lowest_salary": "0.00"}}, {"model": "students.graduateswithprograms", "pk": 72, "fields": {"under_campus": 1, "under_institute": 8, "passing_year": "2022", "program": 69, "is_ug": false, "total_students": 0, "total_final_years": 0, "total_higher_study_and_pay_crt": 0, "total_opted_for_higher_studies_only": 0, "total_not_intrested_in_placments": 0, "total_backlogs_opted_for_placements": 0, "total_backlogs_opted_for_higherstudies": 0, "total_backlogs_opted_for_other_career_options": 0, "total_offers": 0, "total_multiple_offers": 0, "highest_salary": "0.00", "average_salary": "0.00", "lowest_salary": "0.00"}}, {"model": "students.graduateswithprograms", "pk": 73, "fields": {"under_campus": 2, "under_institute": 9, "passing_year": "2022", "program": 70, "is_ug": true, "total_students": 0, "total_final_years": 0, "total_higher_study_and_pay_crt": 0, "total_opted_for_higher_studies_only": 0, "total_not_intrested_in_placments": 0, "total_backlogs_opted_for_placements": 0, "total_backlogs_opted_for_higherstudies": 0, "total_backlogs_opted_for_other_career_options": 0, "total_offers": 0, "total_multiple_offers": 0, "highest_salary": "0.00", "average_salary": "0.00", "lowest_salary": "0.00"}}, {"model": "students.graduateswithprograms", "pk": 74, "fields": {"under_campus": 2, "under_institute": 9, "passing_year": "2022", "program": 71, "is_ug": true, "total_students": 0, "total_final_years": 0, "total_higher_study_and_pay_crt": 0, "total_opted_for_higher_studies_only": 0, "total_not_intrested_in_placments": 0, "total_backlogs_opted_for_placements": 0, "total_backlogs_opted_for_higherstudies": 0, "total_backlogs_opted_for_other_career_options": 0, "total_offers": 0, "total_multiple_offers": 0, "highest_salary": "0.00", "average_salary": "0.00", "lowest_salary": "0.00"}}, {"model": "students.graduateswithprograms", "pk": 75, "fields": {"under_campus": 2, "under_institute": 9, "passing_year": "2022", "program": 72, "is_ug": true, "total_students": 0, "total_final_years": 0, "total_higher_study_and_pay_crt": 0, "total_opted_for_higher_studies_only": 0, "total_not_intrested_in_placments": 0, "total_backlogs_opted_for_placements": 0, "total_backlogs_opted_for_higherstudies": 0, "total_backlogs_opted_for_other_career_options": 0, "total_offers": 0, "total_multiple_offers": 0, "highest_salary": "0.00", "average_salary": "0.00", "lowest_salary": "0.00"}}, {"model": "students.graduateswithprograms", "pk": 76, "fields": {"under_campus": 2, "under_institute": 9, "passing_year": "2022", "program": 73, "is_ug": true, "total_students": 0, "total_final_years": 0, "total_higher_study_and_pay_crt": 0, "total_opted_for_higher_studies_only": 0, "total_not_intrested_in_placments": 0, "total_backlogs_opted_for_placements": 0, "total_backlogs_opted_for_higherstudies": 0, "total_backlogs_opted_for_other_career_options": 0, "total_offers": 0, "total_multiple_offers": 0, "highest_salary": "0.00", "average_salary": "0.00", "lowest_salary": "0.00"}}, {"model": "students.graduateswithprograms", "pk": 77, "fields": {"under_campus": 2, "under_institute": 9, "passing_year": "2022", "program": 74, "is_ug": true, "total_students": 0, "total_final_years": 0, "total_higher_study_and_pay_crt": 0, "total_opted_for_higher_studies_only": 0, "total_not_intrested_in_placments": 0, "total_backlogs_opted_for_placements": 0, "total_backlogs_opted_for_higherstudies": 0, "total_backlogs_opted_for_other_career_options": 0, "total_offers": 0, "total_multiple_offers": 0, "highest_salary": "0.00", "average_salary": "0.00", "lowest_salary": "0.00"}}, {"model": "students.graduateswithprograms", "pk": 78, "fields": {"under_campus": 2, "under_institute": 9, "passing_year": "2022", "program": 75, "is_ug": true, "total_students": 0, "total_final_years": 0, "total_higher_study_and_pay_crt": 0, "total_opted_for_higher_studies_only": 0, "total_not_intrested_in_placments": 0, "total_backlogs_opted_for_placements": 0, "total_backlogs_opted_for_higherstudies": 0, "total_backlogs_opted_for_other_career_options": 0, "total_offers": 0, "total_multiple_offers": 0, "highest_salary": "0.00", "average_salary": "0.00", "lowest_salary": "0.00"}}, {"model": "students.graduateswithprograms", "pk": 79, "fields": {"under_campus": 2, "under_institute": 9, "passing_year": "2022", "program": 76, "is_ug": true, "total_students": 0, "total_final_years": 0, "total_higher_study_and_pay_crt": 0, "total_opted_for_higher_studies_only": 0, "total_not_intrested_in_placments": 0, "total_backlogs_opted_for_placements": 0, "total_backlogs_opted_for_higherstudies": 0, "total_backlogs_opted_for_other_career_options": 0, "total_offers": 0, "total_multiple_offers": 0, "highest_salary": "0.00", "average_salary": "0.00", "lowest_salary": "0.00"}}, {"model": "students.graduateswithprograms", "pk": 80, "fields": {"under_campus": 2, "under_institute": 9, "passing_year": "2022", "program": 77, "is_ug": false, "total_students": 0, "total_final_years": 0, "total_higher_study_and_pay_crt": 0, "total_opted_for_higher_studies_only": 0, "total_not_intrested_in_placments": 0, "total_backlogs_opted_for_placements": 0, "total_backlogs_opted_for_higherstudies": 0, "total_backlogs_opted_for_other_career_options": 0, "total_offers": 0, "total_multiple_offers": 0, "highest_salary": "0.00", "average_salary": "0.00", "lowest_salary": "0.00"}}, {"model": "students.graduateswithprograms", "pk": 81, "fields": {"under_campus": 2, "under_institute": 9, "passing_year": "2022", "program": 78, "is_ug": false, "total_students": 0, "total_final_years": 0, "total_higher_study_and_pay_crt": 0, "total_opted_for_higher_studies_only": 0, "total_not_intrested_in_placments": 0, "total_backlogs_opted_for_placements": 0, "total_backlogs_opted_for_higherstudies": 0, "total_backlogs_opted_for_other_career_options": 0, "total_offers": 0, "total_multiple_offers": 0, "highest_salary": "0.00", "average_salary": "0.00", "lowest_salary": "0.00"}}, {"model": "students.graduateswithprograms", "pk": 82, "fields": {"under_campus": 2, "under_institute": 9, "passing_year": "2022", "program": 79, "is_ug": false, "total_students": 0, "total_final_years": 0, "total_higher_study_and_pay_crt": 0, "total_opted_for_higher_studies_only": 0, "total_not_intrested_in_placments": 0, "total_backlogs_opted_for_placements": 0, "total_backlogs_opted_for_higherstudies": 0, "total_backlogs_opted_for_other_career_options": 0, "total_offers": 0, "total_multiple_offers": 0, "highest_salary": "0.00", "average_salary": "0.00", "lowest_salary": "0.00"}}, {"model": "students.graduateswithprograms", "pk": 83, "fields": {"under_campus": 2, "under_institute": 9, "passing_year": "2022", "program": 80, "is_ug": false, "total_students": 0, "total_final_years": 0, "total_higher_study_and_pay_crt": 0, "total_opted_for_higher_studies_only": 0, "total_not_intrested_in_placments": 0, "total_backlogs_opted_for_placements": 0, "total_backlogs_opted_for_higherstudies": 0, "total_backlogs_opted_for_other_career_options": 0, "total_offers": 0, "total_multiple_offers": 0, "highest_salary": "0.00", "average_salary": "0.00", "lowest_salary": "0.00"}}, {"model": "students.graduateswithprograms", "pk": 84, "fields": {"under_campus": 2, "under_institute": 9, "passing_year": "2022", "program": 81, "is_ug": false, "total_students": 0, "total_final_years": 0, "total_higher_study_and_pay_crt": 0, "total_opted_for_higher_studies_only": 0, "total_not_intrested_in_placments": 0, "total_backlogs_opted_for_placements": 0, "total_backlogs_opted_for_higherstudies": 0, "total_backlogs_opted_for_other_career_options": 0, "total_offers": 0, "total_multiple_offers": 0, "highest_salary": "0.00", "average_salary": "0.00", "lowest_salary": "0.00"}}, {"model": "students.graduateswithprograms", "pk": 85, "fields": {"under_campus": 2, "under_institute": 10, "passing_year": "2022", "program": 82, "is_ug": true, "total_students": 0, "total_final_years": 0, "total_higher_study_and_pay_crt": 0, "total_opted_for_higher_studies_only": 0, "total_not_intrested_in_placments": 0, "total_backlogs_opted_for_placements": 0, "total_backlogs_opted_for_higherstudies": 0, "total_backlogs_opted_for_other_career_options": 0, "total_offers": 0, "total_multiple_offers": 0, "highest_salary": "0.00", "average_salary": "0.00", "lowest_salary": "0.00"}}, {"model": "students.graduateswithprograms", "pk": 86, "fields": {"under_campus": 2, "under_institute": 10, "passing_year": "2022", "program": 83, "is_ug": true, "total_students": 0, "total_final_years": 0, "total_higher_study_and_pay_crt": 0, "total_opted_for_higher_studies_only": 0, "total_not_intrested_in_placments": 0, "total_backlogs_opted_for_placements": 0, "total_backlogs_opted_for_higherstudies": 0, "total_backlogs_opted_for_other_career_options": 0, "total_offers": 0, "total_multiple_offers": 0, "highest_salary": "0.00", "average_salary": "0.00", "lowest_salary": "0.00"}}, {"model": "students.graduateswithprograms", "pk": 87, "fields": {"under_campus": 2, "under_institute": 10, "passing_year": "2022", "program": 84, "is_ug": true, "total_students": 0, "total_final_years": 0, "total_higher_study_and_pay_crt": 0, "total_opted_for_higher_studies_only": 0, "total_not_intrested_in_placments": 0, "total_backlogs_opted_for_placements": 0, "total_backlogs_opted_for_higherstudies": 0, "total_backlogs_opted_for_other_career_options": 0, "total_offers": 0, "total_multiple_offers": 0, "highest_salary": "0.00", "average_salary": "0.00", "lowest_salary": "0.00"}}, {"model": "students.graduateswithprograms", "pk": 88, "fields": {"under_campus": 2, "under_institute": 10, "passing_year": "2022", "program": 85, "is_ug": true, "total_students": 0, "total_final_years": 0, "total_higher_study_and_pay_crt": 0, "total_opted_for_higher_studies_only": 0, "total_not_intrested_in_placments": 0, "total_backlogs_opted_for_placements": 0, "total_backlogs_opted_for_higherstudies": 0, "total_backlogs_opted_for_other_career_options": 0, "total_offers": 0, "total_multiple_offers": 0, "highest_salary": "0.00", "average_salary": "0.00", "lowest_salary": "0.00"}}, {"model": "students.graduateswithprograms", "pk": 89, "fields": {"under_campus": 2, "under_institute": 10, "passing_year": "2022", "program": 86, "is_ug": true, "total_students": 0, "total_final_years": 0, "total_higher_study_and_pay_crt": 0, "total_opted_for_higher_studies_only": 0, "total_not_intrested_in_placments": 0, "total_backlogs_opted_for_placements": 0, "total_backlogs_opted_for_higherstudies": 0, "total_backlogs_opted_for_other_career_options": 0, "total_offers": 0, "total_multiple_offers": 0, "highest_salary": "0.00", "average_salary": "0.00", "lowest_salary": "0.00"}}, {"model": "students.graduateswithprograms", "pk": 90, "fields": {"under_campus": 2, "under_institute": 10, "passing_year": "2022", "program": 87, "is_ug": false, "total_students": 0, "total_final_years": 0, "total_higher_study_and_pay_crt": 0, "total_opted_for_higher_studies_only": 0, "total_not_intrested_in_placments": 0, "total_backlogs_opted_for_placements": 0, "total_backlogs_opted_for_higherstudies": 0, "total_backlogs_opted_for_other_career_options": 0, "total_offers": 0, "total_multiple_offers": 0, "highest_salary": "0.00", "average_salary": "0.00", "lowest_salary": "0.00"}}, {"model": "students.graduateswithprograms", "pk": 91, "fields": {"under_campus": 2, "under_institute": 11, "passing_year": "2022", "program": 88, "is_ug": true, "total_students": 0, "total_final_years": 0, "total_higher_study_and_pay_crt": 0, "total_opted_for_higher_studies_only": 0, "total_not_intrested_in_placments": 0, "total_backlogs_opted_for_placements": 0, "total_backlogs_opted_for_higherstudies": 0, "total_backlogs_opted_for_other_career_options": 0, "total_offers": 0, "total_multiple_offers": 0, "highest_salary": "0.00", "average_salary": "0.00", "lowest_salary": "0.00"}}, {"model": "students.graduateswithprograms", "pk": 92, "fields": {"under_campus": 2, "under_institute": 12, "passing_year": "2022", "program": 89, "is_ug": true, "total_students": 0, "total_final_years": 0, "total_higher_study_and_pay_crt": 0, "total_opted_for_higher_studies_only": 0, "total_not_intrested_in_placments": 0, "total_backlogs_opted_for_placements": 0, "total_backlogs_opted_for_higherstudies": 0, "total_backlogs_opted_for_other_career_options": 0, "total_offers": 0, "total_multiple_offers": 0, "highest_salary": "0.00", "average_salary": "0.00", "lowest_salary": "0.00"}}, {"model": "students.graduateswithprograms", "pk": 93, "fields": {"under_campus": 2, "under_institute": 12, "passing_year": "2022", "program": 90, "is_ug": true, "total_students": 0, "total_final_years": 0, "total_higher_study_and_pay_crt": 0, "total_opted_for_higher_studies_only": 0, "total_not_intrested_in_placments": 0, "total_backlogs_opted_for_placements": 0, "total_backlogs_opted_for_higherstudies": 0, "total_backlogs_opted_for_other_career_options": 0, "total_offers": 0, "total_multiple_offers": 0, "highest_salary": "0.00", "average_salary": "0.00", "lowest_salary": "0.00"}}, {"model": "students.graduateswithprograms", "pk": 94, "fields": {"under_campus": 2, "under_institute": 12, "passing_year": "2022", "program": 91, "is_ug": true, "total_students": 0, "total_final_years": 0, "total_higher_study_and_pay_crt": 0, "total_opted_for_higher_studies_only": 0, "total_not_intrested_in_placments": 0, "total_backlogs_opted_for_placements": 0, "total_backlogs_opted_for_higherstudies": 0, "total_backlogs_opted_for_other_career_options": 0, "total_offers": 0, "total_multiple_offers": 0, "highest_salary": "0.00", "average_salary": "0.00", "lowest_salary": "0.00"}}, {"model": "students.graduateswithprograms", "pk": 95, "fields": {"under_campus": 2, "under_institute": 12, "passing_year": "2022", "program": 92, "is_ug": true, "total_students": 0, "total_final_years": 0, "total_higher_study_and_pay_crt": 0, "total_opted_for_higher_studies_only": 0, "total_not_intrested_in_placments": 0, "total_backlogs_opted_for_placements": 0, "total_backlogs_opted_for_higherstudies": 0, "total_backlogs_opted_for_other_career_options": 0, "total_offers": 0, "total_multiple_offers": 0, "highest_salary": "0.00", "average_salary": "0.00", "lowest_salary": "0.00"}}, {"model": "students.graduateswithprograms", "pk": 96, "fields": {"under_campus": 2, "under_institute": 12, "passing_year": "2022", "program": 93, "is_ug": true, "total_students": 0, "total_final_years": 0, "total_higher_study_and_pay_crt": 0, "total_opted_for_higher_studies_only": 0, "total_not_intrested_in_placments": 0, "total_backlogs_opted_for_placements": 0, "total_backlogs_opted_for_higherstudies": 0, "total_backlogs_opted_for_other_career_options": 0, "total_offers": 0, "total_multiple_offers": 0, "highest_salary": "0.00", "average_salary": "0.00", "lowest_salary": "0.00"}}, {"model": "students.graduateswithprograms", "pk": 97, "fields": {"under_campus": 2, "under_institute": 12, "passing_year": "2022", "program": 94, "is_ug": false, "total_students": 0, "total_final_years": 0, "total_higher_study_and_pay_crt": 0, "total_opted_for_higher_studies_only": 0, "total_not_intrested_in_placments": 0, "total_backlogs_opted_for_placements": 0, "total_backlogs_opted_for_higherstudies": 0, "total_backlogs_opted_for_other_career_options": 0, "total_offers": 0, "total_multiple_offers": 0, "highest_salary": "0.00", "average_salary": "0.00", "lowest_salary": "0.00"}}, {"model": "students.graduateswithprograms", "pk": 98, "fields": {"under_campus": 2, "under_institute": 12, "passing_year": "2022", "program": 95, "is_ug": false, "total_students": 0, "total_final_years": 0, "total_higher_study_and_pay_crt": 0, "total_opted_for_higher_studies_only": 0, "total_not_intrested_in_placments": 0, "total_backlogs_opted_for_placements": 0, "total_backlogs_opted_for_higherstudies": 0, "total_backlogs_opted_for_other_career_options": 0, "total_offers": 0, "total_multiple_offers": 0, "highest_salary": "0.00", "average_salary": "0.00", "lowest_salary": "0.00"}}, {"model": "students.graduateswithprograms", "pk": 99, "fields": {"under_campus": 3, "under_institute": 13, "passing_year": "2022", "program": 96, "is_ug": true, "total_students": 0, "total_final_years": 0, "total_higher_study_and_pay_crt": 0, "total_opted_for_higher_studies_only": 0, "total_not_intrested_in_placments": 0, "total_backlogs_opted_for_placements": 0, "total_backlogs_opted_for_higherstudies": 0, "total_backlogs_opted_for_other_career_options": 0, "total_offers": 0, "total_multiple_offers": 0, "highest_salary": "0.00", "average_salary": "0.00", "lowest_salary": "0.00"}}, {"model": "students.graduateswithprograms", "pk": 100, "fields": {"under_campus": 3, "under_institute": 13, "passing_year": "2022", "program": 97, "is_ug": true, "total_students": 0, "total_final_years": 0, "total_higher_study_and_pay_crt": 0, "total_opted_for_higher_studies_only": 0, "total_not_intrested_in_placments": 0, "total_backlogs_opted_for_placements": 0, "total_backlogs_opted_for_higherstudies": 0, "total_backlogs_opted_for_other_career_options": 0, "total_offers": 0, "total_multiple_offers": 0, "highest_salary": "0.00", "average_salary": "0.00", "lowest_salary": "0.00"}}, {"model": "students.graduateswithprograms", "pk": 101, "fields": {"under_campus": 3, "under_institute": 13, "passing_year": "2022", "program": 98, "is_ug": true, "total_students": 0, "total_final_years": 0, "total_higher_study_and_pay_crt": 0, "total_opted_for_higher_studies_only": 0, "total_not_intrested_in_placments": 0, "total_backlogs_opted_for_placements": 0, "total_backlogs_opted_for_higherstudies": 0, "total_backlogs_opted_for_other_career_options": 0, "total_offers": 0, "total_multiple_offers": 0, "highest_salary": "0.00", "average_salary": "0.00", "lowest_salary": "0.00"}}, {"model": "students.graduateswithprograms", "pk": 102, "fields": {"under_campus": 3, "under_institute": 13, "passing_year": "2022", "program": 99, "is_ug": true, "total_students": 0, "total_final_years": 0, "total_higher_study_and_pay_crt": 0, "total_opted_for_higher_studies_only": 0, "total_not_intrested_in_placments": 0, "total_backlogs_opted_for_placements": 0, "total_backlogs_opted_for_higherstudies": 0, "total_backlogs_opted_for_other_career_options": 0, "total_offers": 0, "total_multiple_offers": 0, "highest_salary": "0.00", "average_salary": "0.00", "lowest_salary": "0.00"}}, {"model": "students.graduateswithprograms", "pk": 103, "fields": {"under_campus": 3, "under_institute": 13, "passing_year": "2022", "program": 100, "is_ug": true, "total_students": 0, "total_final_years": 0, "total_higher_study_and_pay_crt": 0, "total_opted_for_higher_studies_only": 0, "total_not_intrested_in_placments": 0, "total_backlogs_opted_for_placements": 0, "total_backlogs_opted_for_higherstudies": 0, "total_backlogs_opted_for_other_career_options": 0, "total_offers": 0, "total_multiple_offers": 0, "highest_salary": "0.00", "average_salary": "0.00", "lowest_salary": "0.00"}}, {"model": "students.graduateswithprograms", "pk": 104, "fields": {"under_campus": 3, "under_institute": 13, "passing_year": "2022", "program": 101, "is_ug": true, "total_students": 0, "total_final_years": 0, "total_higher_study_and_pay_crt": 0, "total_opted_for_higher_studies_only": 0, "total_not_intrested_in_placments": 0, "total_backlogs_opted_for_placements": 0, "total_backlogs_opted_for_higherstudies": 0, "total_backlogs_opted_for_other_career_options": 0, "total_offers": 0, "total_multiple_offers": 0, "highest_salary": "0.00", "average_salary": "0.00", "lowest_salary": "0.00"}}, {"model": "students.graduateswithprograms", "pk": 105, "fields": {"under_campus": 3, "under_institute": 13, "passing_year": "2022", "program": 102, "is_ug": false, "total_students": 0, "total_final_years": 0, "total_higher_study_and_pay_crt": 0, "total_opted_for_higher_studies_only": 0, "total_not_intrested_in_placments": 0, "total_backlogs_opted_for_placements": 0, "total_backlogs_opted_for_higherstudies": 0, "total_backlogs_opted_for_other_career_options": 0, "total_offers": 0, "total_multiple_offers": 0, "highest_salary": "0.00", "average_salary": "0.00", "lowest_salary": "0.00"}}, {"model": "students.graduateswithprograms", "pk": 106, "fields": {"under_campus": 3, "under_institute": 13, "passing_year": "2022", "program": 103, "is_ug": false, "total_students": 0, "total_final_years": 0, "total_higher_study_and_pay_crt": 0, "total_opted_for_higher_studies_only": 0, "total_not_intrested_in_placments": 0, "total_backlogs_opted_for_placements": 0, "total_backlogs_opted_for_higherstudies": 0, "total_backlogs_opted_for_other_career_options": 0, "total_offers": 0, "total_multiple_offers": 0, "highest_salary": "0.00", "average_salary": "0.00", "lowest_salary": "0.00"}}, {"model": "students.graduateswithprograms", "pk": 107, "fields": {"under_campus": 3, "under_institute": 15, "passing_year": "2022", "program": 104, "is_ug": true, "total_students": 0, "total_final_years": 0, "total_higher_study_and_pay_crt": 0, "total_opted_for_higher_studies_only": 0, "total_not_intrested_in_placments": 0, "total_backlogs_opted_for_placements": 0, "total_backlogs_opted_for_higherstudies": 0, "total_backlogs_opted_for_other_career_options": 0, "total_offers": 0, "total_multiple_offers": 0, "highest_salary": "0.00", "average_salary": "0.00", "lowest_salary": "0.00"}}, {"model": "students.graduateswithprograms", "pk": 108, "fields": {"under_campus": 3, "under_institute": 15, "passing_year": "2022", "program": 105, "is_ug": true, "total_students": 0, "total_final_years": 0, "total_higher_study_and_pay_crt": 0, "total_opted_for_higher_studies_only": 0, "total_not_intrested_in_placments": 0, "total_backlogs_opted_for_placements": 0, "total_backlogs_opted_for_higherstudies": 0, "total_backlogs_opted_for_other_career_options": 0, "total_offers": 0, "total_multiple_offers": 0, "highest_salary": "0.00", "average_salary": "0.00", "lowest_salary": "0.00"}}, {"model": "students.graduateswithprograms", "pk": 109, "fields": {"under_campus": 3, "under_institute": 15, "passing_year": "2022", "program": 106, "is_ug": true, "total_students": 0, "total_final_years": 0, "total_higher_study_and_pay_crt": 0, "total_opted_for_higher_studies_only": 0, "total_not_intrested_in_placments": 0, "total_backlogs_opted_for_placements": 0, "total_backlogs_opted_for_higherstudies": 0, "total_backlogs_opted_for_other_career_options": 0, "total_offers": 0, "total_multiple_offers": 0, "highest_salary": "0.00", "average_salary": "0.00", "lowest_salary": "0.00"}}, {"model": "students.graduateswithprograms", "pk": 110, "fields": {"under_campus": 3, "under_institute": 15, "passing_year": "2022", "program": 107, "is_ug": true, "total_students": 0, "total_final_years": 0, "total_higher_study_and_pay_crt": 0, "total_opted_for_higher_studies_only": 0, "total_not_intrested_in_placments": 0, "total_backlogs_opted_for_placements": 0, "total_backlogs_opted_for_higherstudies": 0, "total_backlogs_opted_for_other_career_options": 0, "total_offers": 0, "total_multiple_offers": 0, "highest_salary": "0.00", "average_salary": "0.00", "lowest_salary": "0.00"}}, {"model": "students.graduateswithprograms", "pk": 111, "fields": {"under_campus": 3, "under_institute": 15, "passing_year": "2022", "program": 108, "is_ug": false, "total_students": 0, "total_final_years": 0, "total_higher_study_and_pay_crt": 0, "total_opted_for_higher_studies_only": 0, "total_not_intrested_in_placments": 0, "total_backlogs_opted_for_placements": 0, "total_backlogs_opted_for_higherstudies": 0, "total_backlogs_opted_for_other_career_options": 0, "total_offers": 0, "total_multiple_offers": 0, "highest_salary": "0.00", "average_salary": "0.00", "lowest_salary": "0.00"}}, {"model": "students.graduateswithprograms", "pk": 112, "fields": {"under_campus": 3, "under_institute": 12, "passing_year": "2022", "program": 109, "is_ug": true, "total_students": 0, "total_final_years": 0, "total_higher_study_and_pay_crt": 0, "total_opted_for_higher_studies_only": 0, "total_not_intrested_in_placments": 0, "total_backlogs_opted_for_placements": 0, "total_backlogs_opted_for_higherstudies": 0, "total_backlogs_opted_for_other_career_options": 0, "total_offers": 0, "total_multiple_offers": 0, "highest_salary": "0.00", "average_salary": "0.00", "lowest_salary": "0.00"}}, {"model": "students.graduateswithprograms", "pk": 113, "fields": {"under_campus": 3, "under_institute": 12, "passing_year": "2022", "program": 110, "is_ug": true, "total_students": 0, "total_final_years": 0, "total_higher_study_and_pay_crt": 0, "total_opted_for_higher_studies_only": 0, "total_not_intrested_in_placments": 0, "total_backlogs_opted_for_placements": 0, "total_backlogs_opted_for_higherstudies": 0, "total_backlogs_opted_for_other_career_options": 0, "total_offers": 0, "total_multiple_offers": 0, "highest_salary": "0.00", "average_salary": "0.00", "lowest_salary": "0.00"}}, {"model": "students.graduateswithprograms", "pk": 114, "fields": {"under_campus": 3, "under_institute": 12, "passing_year": "2022", "program": 111, "is_ug": true, "total_students": 0, "total_final_years": 0, "total_higher_study_and_pay_crt": 0, "total_opted_for_higher_studies_only": 0, "total_not_intrested_in_placments": 0, "total_backlogs_opted_for_placements": 0, "total_backlogs_opted_for_higherstudies": 0, "total_backlogs_opted_for_other_career_options": 0, "total_offers": 0, "total_multiple_offers": 0, "highest_salary": "0.00", "average_salary": "0.00", "lowest_salary": "0.00"}}, {"model": "students.graduateswithprograms", "pk": 115, "fields": {"under_campus": 3, "under_institute": 12, "passing_year": "2022", "program": 112, "is_ug": true, "total_students": 0, "total_final_years": 0, "total_higher_study_and_pay_crt": 0, "total_opted_for_higher_studies_only": 0, "total_not_intrested_in_placments": 0, "total_backlogs_opted_for_placements": 0, "total_backlogs_opted_for_higherstudies": 0, "total_backlogs_opted_for_other_career_options": 0, "total_offers": 0, "total_multiple_offers": 0, "highest_salary": "0.00", "average_salary": "0.00", "lowest_salary": "0.00"}}, {"model": "students.graduateswithprograms", "pk": 116, "fields": {"under_campus": 3, "under_institute": 12, "passing_year": "2022", "program": 113, "is_ug": true, "total_students": 0, "total_final_years": 0, "total_higher_study_and_pay_crt": 0, "total_opted_for_higher_studies_only": 0, "total_not_intrested_in_placments": 0, "total_backlogs_opted_for_placements": 0, "total_backlogs_opted_for_higherstudies": 0, "total_backlogs_opted_for_other_career_options": 0, "total_offers": 0, "total_multiple_offers": 0, "highest_salary": "0.00", "average_salary": "0.00", "lowest_salary": "0.00"}}, {"model": "students.graduateswithprograms", "pk": 117, "fields": {"under_campus": 3, "under_institute": 12, "passing_year": "2022", "program": 114, "is_ug": false, "total_students": 0, "total_final_years": 0, "total_higher_study_and_pay_crt": 0, "total_opted_for_higher_studies_only": 0, "total_not_intrested_in_placments": 0, "total_backlogs_opted_for_placements": 0, "total_backlogs_opted_for_higherstudies": 0, "total_backlogs_opted_for_other_career_options": 0, "total_offers": 0, "total_multiple_offers": 0, "highest_salary": "0.00", "average_salary": "0.00", "lowest_salary": "0.00"}}, {"model": "students.graduateswithprograms", "pk": 118, "fields": {"under_campus": 3, "under_institute": 12, "passing_year": "2022", "program": 115, "is_ug": false, "total_students": 0, "total_final_years": 0, "total_higher_study_and_pay_crt": 0, "total_opted_for_higher_studies_only": 0, "total_not_intrested_in_placments": 0, "total_backlogs_opted_for_placements": 0, "total_backlogs_opted_for_higherstudies": 0, "total_backlogs_opted_for_other_career_options": 0, "total_offers": 0, "total_multiple_offers": 0, "highest_salary": "0.00", "average_salary": "0.00", "lowest_salary": "0.00"}}, {"model": "students.graduateswithprograms", "pk": 119, "fields": {"under_campus": 3, "under_institute": 12, "passing_year": "2022", "program": 116, "is_ug": false, "total_students": 0, "total_final_years": 0, "total_higher_study_and_pay_crt": 0, "total_opted_for_higher_studies_only": 0, "total_not_intrested_in_placments": 0, "total_backlogs_opted_for_placements": 0, "total_backlogs_opted_for_higherstudies": 0, "total_backlogs_opted_for_other_career_options": 0, "total_offers": 0, "total_multiple_offers": 0, "highest_salary": "0.00", "average_salary": "0.00", "lowest_salary": "0.00"}}, {"model": "account.user", "pk": 1, "fields": {"password": "pbkdf2_sha256$260000$QEfq3fbCR4LDMwbu0x5e0o$KPX7fmM2o7HJCJGJYgJa98NPo2+XEPjlh7gUmIPrWf0=", "last_login": "2022-07-06T16:30:45.776Z", "is_superuser": true, "name": "admin", "email": "admin@g.com", "eid": "48534", "designation": "admin", "university": "univ", "access": "edit_all", "groups": [], "user_permissions": []}}, {"model": "account.user", "pk": 2, "fields": {"password": "pbkdf2_sha256$260000$fULEa49kTdnRXJqH3v0Wvn$DnPbswudczRa6KZHVEA4kEcRrsze1+7ER25/nRzUcg4=", "last_login": null, "is_superuser": false, "name": "Jyothiprakash_Patnaikuni Patnaikuni", "email": "jyothiprakashpatnaik@gmail.com", "eid": "18015", "designation": "Tester", "university": "univ", "access": "edit_all", "groups": [], "user_permissions": []}}, {"model": "account.user", "pk": 3, "fields": {"password": "pbkdf2_sha256$260000$fULEa49kTdnRXJqH3v0Wvn$DnPbswudczRa6KZHVEA4kEcRrsze1+7ER25/nRzUcg4=", "last_login": "2022-02-11T16:43:32Z", "is_superuser": false, "name": "JyothiprakashPatnaikuni", "email": "121@gitam.in", "eid": "180152", "designation": "Tester", "university": "vskp", "access": "view", "groups": [], "user_permissions": [41]}}, {"model": "authtoken.token", "pk": "2fc4813e245dea4edd77fca3be73e53dbc2cf11a", "fields": {"user": 3, "created": "2022-07-06T16:43:55.321Z"}}, {"model": "authtoken.token", "pk": "4759946454f0f582e6c4d2b31937cfd6537011ab", "fields": {"user": 2, "created": "2022-03-31T18:20:42.705Z"}}, {"model": "authtoken.token", "pk": "f73dbd6352f14b91b14ced900e8dc618a5401e18", "fields": {"user": 1, "created": "2022-03-02T16:50:50.441Z"}}]